GENESIS-Tabelle: 13211-01iz;;;;;;;;;;;;;;;;;;;;;;;;;;;;;;;;;;;;;
Arbeitsmarktstatistik: Arbeitslose nach Geschlecht;;;;;;;;;;;;;;;;;;;;;;;;;;;;;;;;;;;;;
#NAME?;;;;;;;;;;;;;;;;;;;;;;;;;;;;;;;;;;;;;
Arbeitsmarktstatistik der Bundesagentur für Arbeit;;;;;;;;;;;;;;;;;;;;;;;;;;;;;;;;;;;;;
Arbeitslose (Anzahl);;;;;;;;;;;;;;;;;;;;;;;;;;;;;;;;;;;;;
2019;;;;;;;;;;;;;;;;;;;;;;;;;;;;;;;;;;;;;
;;Monate;Monate;Monate;Monate;Monate;Monate;Monate;Monate;Monate;Monate;Monate;Monate;Monate;Monate;Monate;Monate;Monate;Monate;Monate;Monate;Monate;Monate;Monate;Monate;Monate;Monate;Monate;Monate;Monate;Monate;Monate;Monate;Monate;Monate;Monate;Monate
;;Januar;Januar;Januar;Februar;Februar;Februar;März;März;März;April;April;April;Mai;Mai;Mai;Juni;Juni;Juni;Juli;Juli;Juli;August;August;August;September;September;September;Oktober;Oktober;Oktober;November;November;November;Dezember;Dezember;Dezember
;;Geschlecht;Geschlecht;Geschlecht;Geschlecht;Geschlecht;Geschlecht;Geschlecht;Geschlecht;Geschlecht;Geschlecht;Geschlecht;Geschlecht;Geschlecht;Geschlecht;Geschlecht;Geschlecht;Geschlecht;Geschlecht;Geschlecht;Geschlecht;Geschlecht;Geschlecht;Geschlecht;Geschlecht;Geschlecht;Geschlecht;Geschlecht;Geschlecht;Geschlecht;Geschlecht;Geschlecht;Geschlecht;Geschlecht;Geschlecht;Geschlecht;Geschlecht
;;Insgesamt;männlich;weiblich;Insgesamt;männlich;weiblich;Insgesamt;männlich;weiblich;Insgesamt;männlich;weiblich;Insgesamt;männlich;weiblich;Insgesamt;männlich;weiblich;Insgesamt;männlich;weiblich;Insgesamt;männlich;weiblich;Insgesamt;männlich;weiblich;Insgesamt;männlich;weiblich;Insgesamt;männlich;weiblich;Insgesamt;männlich;weiblich
5;Nordrhein-Westfalen;648161;359211;288950;642009;357776;284232;634643;352862;281780;627330;347826;279502;633886;350456;283428;633492;349253;284237;645910;355612;290295;656657;358247;298409;635034;347584;287448;626191;343683;282507;618159;341358;276800;624359;347520;276838
51;  Düsseldorf, Regierungsbezirk;211937;116594;95343;209990;115993;93996;207676;114862;92813;205737;113498;92237;207605;114143;93460;205759;112974;92783;209318;114649;94667;211840;114972;96867;204697;111357;93338;202489;110433;92055;199550;109407;90142;200747;110540;90206
5111;    Düsseldorf, krfr. Stadt;22846;12566;10280;22375;12388;9987;22009;12246;9763;21874;12191;9683;22522;12563;9959;22476;12475;10001;23022;12721;10301;23290;12701;10589;22322;12252;10070;22625;12393;10232;22241;12357;9884;22137;12245;9892
5112;    Duisburg, krfr. Stadt;28668;15442;13226;28414;15332;13082;28570;15538;13032;28019;15173;12846;28315;15293;13022;27921;15053;12868;28024;15076;12948;28121;15075;13046;27388;14716;12672;26835;14468;12367;26760;14500;12260;26932;14649;12283
5113;    Essen, krfr. Stadt;31956;17731;14225;31747;17651;14095;31199;17329;13869;30985;17190;13794;30785;17056;13728;30464;16760;13703;30859;16925;13933;31108;16824;14284;30314;16523;13791;30324;16591;13733;29647;16291;13356;29605;16331;13274
5114;    Krefeld, krfr. Stadt;12118;6804;5314;12052;6815;5237;12038;6847;5191;12123;6783;5340;12401;6862;5539;12266;6764;5502;12581;6926;5655;12733;6979;5754;12357;6792;5565;12218;6686;5532;11964;6561;5403;11950;6607;5343
5116;    Mönchengladbach, krfr. Stadt;12735;7012;5723;12856;7130;5726;12784;7070;5714;12503;6923;5580;12580;6967;5613;12799;7132;5667;12994;7179;5815;13127;7154;5973;12646;6829;5817;12145;6548;5597;11793;6315;5478;11881;6362;5519
5117;    Mülheim an der Ruhr, krfr. Stadt;6191;3366;2825;6243;3398;2845;6155;3358;2797;6126;3318;2808;6097;3265;2832;5961;3192;2769;6119;3287;2832;6207;3321;2886;6119;3266;2853;6056;3233;2823;6017;3206;2811;6055;3210;2845
5119;    Oberhausen, krfr. Stadt;11123;6240;4883;11098;6248;4850;10713;6050;4663;10898;6166;4732;10966;6178;4788;10849;6040;4809;11051;6137;4914;11117;6166;4951;10814;5973;4841;10750;5944;4806;10545;5830;4715;10785;5975;4810
5120;    Remscheid, krfr. Stadt;4277;2371;1906;4230;2361;1869;4152;2298;1854;4252;2332;1920;4249;2331;1918;4130;2267;1863;4179;2306;1873;4156;2295;1861;4061;2244;1817;4105;2271;1834;4134;2289;1845;4258;2372;1886
5122;    Solingen, krfr. Stadt;6442;3486;2956;6260;3404;2856;6276;3426;2850;6235;3372;2863;6118;3310;2808;6107;3331;2776;6116;3297;2819;6219;3360;2859;5994;3241;2753;5968;3279;2689;5866;3234;2632;5935;3284;2651
5124;    Wuppertal, krfr. Stadt;14957;8441;6516;14682;8298;6384;14573;8271;6302;14370;8199;6171;14815;8417;6398;14680;8408;6272;14922;8510;6412;15265;8567;6698;14853;8347;6506;14627;8244;6383;14610;8277;6333;14679;8420;6259
5154;    Kleve, Kreis;9315;4868;4447;9082;4808;4274;9026;4710;4316;8790;4606;4184;8597;4443;4154;8434;4351;4083;8689;4520;4169;8819;4576;4243;8370;4386;3984;8048;4195;3853;7903;4153;3750;8026;4261;3765
5154004;      Bedburg-Hau;220;118;102;232;130;102;235;132;103;237;136;101;224;123;101;212;110;102;224;119;105;234;130;104;218;118;100;220;115;105;214;111;103;219;111;108
5154008;      Emmerich am Rhein, Stadt;1135;569;566;1128;582;546;1129;579;550;1091;560;531;1074;541;533;1048;518;530;1109;542;567;1120;542;578;1085;535;550;1048;505;543;1050;510;540;1074;536;538
5154012;      Geldern, Stadt;1053;551;502;1019;537;482;1009;530;479;974;507;467;974;512;462;987;515;472;988;518;470;1017;532;485;949;507;442;914;489;425;874;475;399;878;472;406
5154016;      Goch, Stadt;994;495;499;944;465;479;931;451;480;909;443;466;904;439;465;870;424;446;911;464;447;925;462;463;899;461;438;854;411;443;829;413;416;837;421;416
5154020;      Issum;196;107;89;188;102;86;178;95;83;179;97;82;174;95;79;180;93;87;195;110;85;193;105;88;176;98;78;174;97;77;158;93;65;164;96;68
5154024;      Kalkar, Stadt;370;184;186;358;193;165;353;183;170;355;189;166;339;174;165;340;175;165;346;175;171;346;175;171;326;156;170;305;147;158;297;152;145;313;167;146
5154028;      Kerken;185;111;74;175;104;71;174;106;68;178;111;67;178;105;73;172;102;70;176;102;74;174;102;72;155;90;65;153;84;69;165;93;72;180;100;80
5154032;      Kevelaer, Stadt;950;479;471;947;478;469;940;461;479;873;418;455;860;407;453;815;389;426;836;416;420;833;411;422;798;399;399;769;389;380;776;399;377;800;411;389
5154036;      Kleve, Stadt;2274;1249;1025;2218;1225;993;2213;1211;1002;2203;1210;993;2106;1142;964;2099;1127;972;2104;1119;985;2140;1146;994;2026;1086;940;1897;1021;876;1846;985;861;1859;1009;850
5154040;      Kranenburg;206;115;91;186;100;86;201;110;91;202;118;84;200;120;80;199;114;85;207;119;88;213;124;89;196;121;75;191;118;73;198;122;76;184;110;74
5154044;      Rees, Stadt;692;351;341;661;339;322;654;330;324;637;327;310;635;314;321;637;331;306;660;349;311;677;346;331;650;340;310;624;338;286;627;338;289;642;360;282
5154048;      Rheurdt;136;80;56;128;75;53;129;76;53;126;71;55;114;61;53;109;60;49;105;56;49;111;64;47;111;62;49;111;65;46;101;60;41;95;55;40
5154052;      Straelen, Stadt;269;136;133;267;141;126;270;134;136;252;125;127;237;114;123;230;113;117;260;132;128;254;133;121;233;123;110;241;128;113;226;120;106;229;122;107
5154056;      Uedem;192;106;86;196;108;88;188;98;90;176;89;87;181;88;93;171;85;86;174;87;87;177;91;86;163;83;80;152;77;75;150;74;76;163;79;84
5154060;      Wachtendonk;182;86;96;182;93;89;181;89;92;179;89;90;189;98;91;168;86;82;182;93;89;180;92;88;176;91;85;176;92;84;169;86;83;175;89;86
5154064;      Weeze;261;131;130;253;136;117;241;125;116;219;116;103;208;110;98;197;109;88;212;119;93;225;121;104;209;116;93;219;119;100;223;122;101;214;123;91
5158;    Mettmann, Kreis;14773;8237;6536;14593;8096;6497;14327;7939;6388;14300;7834;6465;14806;8152;6653;14647;8074;6572;14923;8215;6707;15408;8335;7072;14826;8096;6729;14784;8117;6666;14472;8042;6429;14467;8116;6350
5158004;      Erkrath, Stadt;1477;809;668;1460;784;676;1436;778;658;1421;756;665;1455;791;664;1483;804;679;1509;810;699;1583;828;755;1531;811;720;1553;838;715;1513;824;689;1496;832;664
5158008;      Haan, Stadt;832;457;375;846;470;376;848;473;375;824;449;375;863;462;401;833;461;372;836;462;374;883;485;398;830;458;372;849;470;379;798;447;351;820;459;361
5158012;      Heiligenhaus, Stadt;806;464;342;811;474;337;789;451;338;809;465;344;836;479;357;827;475;352;852;480;372;886;495;391;863;493;370;855;482;373;829;472;357;863;511;352
5158016;      Hilden, Stadt;1735;935;800;1729;925;804;1700;905;795;1671;898;773;1711;911;800;1729;944;785;1673;909;764;1789;946;843;1681;884;797;1677;908;769;1670;909;761;1660;914;746
5158020;      Langenfeld (Rhld.), Stadt;1462;837;625;1415;790;625;1368;774;594;1355;757;598;1451;811;640;1426;787;639;1448;800;648;1463;785;678;1418;770;648;1387;755;632;1330;746;584;1333;738;595
5158024;      Mettmann, Stadt;1078;608;470;1058;590;468;1028;565;463;1016;547;468;1065;579;485;1033;552;480;1060;563;496;1116;598;517;1100;577;522;1119;600;518;1101;610;490;1078;606;471
5158026;      Monheim am Rhein, Stadt;1484;827;657;1445;803;642;1414;781;633;1421;767;654;1476;813;663;1441;785;656;1474;817;657;1470;796;674;1439;787;652;1400;769;631;1375;758;617;1387;779;608
5158028;      Ratingen, Stadt;2697;1481;1216;2639;1434;1205;2626;1438;1188;2673;1443;1230;2724;1465;1259;2681;1444;1237;2765;1487;1278;2855;1517;1338;2721;1451;1270;2698;1427;1271;2694;1449;1245;2694;1436;1258
5158032;      Velbert, Stadt;2673;1522;1151;2675;1535;1140;2599;1480;1119;2588;1462;1126;2698;1542;1156;2699;1536;1163;2788;1597;1191;2804;1558;1246;2719;1569;1150;2753;1586;1167;2678;1547;1131;2637;1547;1090
5158036;      Wülfrath, Stadt;529;297;232;515;291;224;519;294;225;522;290;232;527;299;228;495;286;209;518;290;228;559;327;232;524;296;228;493;282;211;484;280;204;499;294;205
5162;    Rhein-Kreis Neuss;12256;6691;5565;12346;6797;5549;12225;6737;5488;12060;6596;5464;12103;6600;5503;12080;6573;5507;12420;6737;5683;12575;6758;5817;11946;6422;5524;11780;6373;5407;11631;6283;5348;11823;6424;5399
5162004;      Dormagen, Stadt;1567;897;670;1516;884;632;1511;871;640;1456;813;643;1498;837;661;1476;821;655;1486;847;639;1490;812;678;1401;744;657;1414;760;654;1400;762;638;1449;807;642
5162008;      Grevenbroich, Stadt;1734;958;776;1764;991;773;1759;979;780;1797;981;816;1803;975;828;1770;947;823;1890;1011;879;1887;996;891;1756;932;824;1736;943;793;1730;928;802;1732;920;812
5162012;      Jüchen, Stadt;457;280;177;470;284;186;468;281;187;461;277;184;468;278;190;454;272;182;492;286;206;514;296;218;479;272;207;460;254;206;452;245;207;442;242;200
5162016;      Kaarst, Stadt;882;478;404;891;476;415;868;474;394;819;448;371;861;467;394;886;490;396;911;497;414;926;497;429;891;480;411;878;471;407;859;463;396;865;468;397
5162020;      Korschenbroich, Stadt;565;326;239;562;320;242;569;326;243;576;329;247;576;326;250;565;325;240;587;333;254;583;329;254;545;309;236;537;302;235;538;303;235;556;303;253
5162022;      Meerbusch, Stadt;1197;627;570;1240;668;572;1227;649;578;1246;661;585;1238;651;587;1229;631;598;1239;626;613;1314;673;641;1218;633;585;1194;619;575;1176;605;571;1195;629;566
5162024;      Neuss, Stadt;5635;3006;2629;5682;3054;2628;5602;3039;2563;5490;2963;2527;5458;2951;2507;5505;2975;2530;5615;3020;2595;5658;3034;2624;5457;2929;2528;5352;2896;2456;5258;2849;2409;5365;2932;2433
5162028;      Rommerskirchen;219;119;100;221;120;101;221;118;103;215;124;91;201;115;86;195;112;83;200;117;83;203;121;82;199;123;76;209;128;81;218;128;90;219;123;96
5166;    Viersen, Kreis;9162;5004;4158;9091;4966;4125;8943;4855;4088;8648;4697;3951;8599;4599;4000;8521;4603;3918;8723;4729;3994;8773;4721;4052;8335;4454;3880;8264;4453;3811;8149;4434;3715;8190;4496;3694
5166004;      Brüggen;438;256;182;445;251;194;439;250;189;405;226;179;383;201;182;371;206;165;387;216;171;408;225;183;383;212;171;378;202;176;368;205;163;358;201;157
5166008;      Grefrath;354;202;152;344;195;149;330;197;133;335;199;136;322;181;141;303;167;136;311;168;143;325;172;153;307;169;138;290;161;129;281;151;130;279;153;126
5166012;      Kempen, Stadt;912;493;419;888;476;412;859;457;402;840;461;379;812;427;385;787;427;360;815;450;365;847;467;380;777;430;347;786;435;351;775;439;336;769;436;333
5166016;      Nettetal, Stadt;1439;806;633;1430;793;637;1419;774;645;1395;749;646;1442;767;675;1424;768;656;1452;789;663;1441;784;657;1339;724;615;1327;727;600;1314;728;586;1315;728;587
5166020;      Niederkrüchten;340;181;159;340;183;157;337;179;158;333;178;155;336;176;160;330;175;155;352;178;174;336;170;166;326;174;152;327;175;152;337;176;161;343;177;166
5166024;      Schwalmtal;615;337;278;598;324;274;565;304;261;550;295;255;542;297;245;527;288;239;540;289;251;539;294;245;531;292;239;511;284;227;482;266;216;498;280;218
5166028;      Tönisvorst, Stadt;724;393;331;718;393;325;704;380;324;695;374;321;664;339;325;692;363;329;682;367;315;689;365;324;649;341;307;654;344;310;625;333;292;640;339;301
5166032;      Viersen, Stadt;3158;1721;1437;3172;1744;1428;3120;1699;1421;2976;1627;1349;2950;1601;1349;2973;1621;1352;3010;1633;1377;3016;1616;1400;2891;1515;1376;2862;1518;1344;2832;1516;1316;2878;1565;1313
5166036;      Willich, Stadt;1182;615;567;1156;607;549;1170;615;555;1119;588;531;1148;610;538;1114;588;526;1174;639;535;1172;628;544;1132;597;535;1129;607;522;1135;620;515;1110;617;493
5170;    Wesel, Kreis;15118;8335;6783;14921;8301;6620;14686;8188;6498;14554;8118;6436;14652;8107;6545;14424;7951;6473;14696;8084;6612;14922;8140;6782;14352;7816;6536;13960;7638;6322;13818;7635;6183;14024;7788;6236
5170004;      Alpen;205;114;91;189;107;82;180;97;83;173;90;83;172;92;80;174;94;80;188;102;86;201;104;97;185;93;92;201;108;93;189;102;87;188;99;89
5170008;      Dinslaken, Stadt;2530;1354;1176;2432;1291;1141;2374;1267;1107;2420;1295;1125;2464;1329;1135;2449;1308;1141;2469;1329;1140;2478;1325;1153;2361;1271;1090;2388;1281;1107;2393;1310;1083;2394;1311;1083
5170012;      Hamminkeln, Stadt;472;248;224;481;262;219;490;258;232;495;268;227;491;258;233;469;239;230;471;247;224;474;261;213;469;263;206;447;252;195;420;241;179;446;264;182
5170016;      Hünxe;222;134;88;206;128;78;201;119;82;197;117;80;179;107;72;188;115;73;199;121;78;188;112;76;168;99;69;172;103;69;170;100;70;181;107;74
5170020;      Kamp-Lintfort, Stadt;1467;822;645;1500;854;646;1480;838;642;1420;835;585;1430;829;601;1408;828;580;1445;834;611;1440;812;628;1401;797;604;1343;757;586;1341;762;579;1380;788;592
5170024;      Moers, Stadt;4326;2354;1972;4203;2308;1895;4130;2274;1856;4112;2240;1872;4145;2233;1912;4089;2199;1890;4164;2229;1935;4204;2247;1957;4074;2169;1905;3980;2120;1860;3891;2091;1800;3906;2110;1796
5170028;      Neukirchen-Vluyn, Stadt;782;438;344;774;440;334;757;435;322;744;424;320;757;419;338;754;421;333;742;404;338;763;415;348;725;387;338;721;388;333;729;392;337;752;416;336
5170032;      Rheinberg, Stadt;686;401;285;699;409;290;697;422;275;694;424;270;702;422;280;671;408;263;672;401;271;717;413;304;662;366;296;633;360;273;625;368;257;644;385;259
5170036;      Schermbeck;237;134;103;223;133;90;233;139;94;216;127;89;233;132;101;221;121;100;231;118;113;219;117;102;228;122;106;223;120;103;204;117;87;205;115;90
5170040;      Sonsbeck;146;85;61;150;94;56;152;95;57;137;79;58;142;83;59;131;75;56;133;79;54;137;82;55;138;79;59;132;70;62;128;69;59;139;81;58
5170044;      Voerde (Niederrhein), Stadt;1178;637;541;1148;628;520;1136;639;497;1160;667;493;1181;681;500;1178;662;516;1198;676;522;1215;675;540;1172;651;521;1121;632;489;1145;649;496;1119;628;491
5170048;      Wesel, Stadt;2424;1359;1065;2472;1391;1081;2444;1365;1079;2386;1317;1069;2363;1298;1065;2324;1274;1050;2390;1317;1073;2472;1350;1122;2368;1296;1072;2223;1233;990;2203;1218;985;2271;1254;1017
5170052;      Xanten, Stadt;443;255;188;444;256;188;412;240;172;400;235;165;393;224;169;368;207;161;394;227;167;414;227;187;401;223;178;376;214;162;380;216;164;399;230;169
53;  Köln, Regierungsbezirk;151142;83850;67292;150551;83965;66586;149683;83097;66586;147899;82100;65799;150510;83405;67105;151935;83780;68155;154845;85312;69533;157634;86051;71583;152111;83160;68951;150439;82389;68050;147591;81325;66266;148866;82787;66079
5313;    Aachen, krfr. Stadt;-;-;-;-;-;-;-;-;-;-;-;-;-;-;-;-;-;-;-;-;-;-;-;-;-;-;-;-;-;-;-;-;-;-;-;-
5314;    Bonn, krfr. Stadt;10836;6113;4723;10857;6208;4649;10680;6042;4638;10399;5874;4525;10936;6158;4778;10870;6081;4789;11239;6303;4936;11366;6270;5096;10847;5967;4880;10808;5990;4818;10679;5956;4723;10675;5977;4698
5315;    Köln, krfr. Stadt;46028;25193;20835;45598;25130;20468;45674;25121;20553;45417;25009;20408;46327;25386;20941;47053;25580;21473;47950;26066;21884;48518;26167;22351;46971;25415;21556;46651;25258;21393;45357;24734;20623;45225;24811;20414
5316;    Leverkusen, krfr. Stadt;6327;3531;2796;6314;3568;2746;6293;3518;2775;6249;3533;2716;6317;3527;2790;6249;3496;2753;6461;3593;2868;6550;3589;2961;6115;3351;2764;6374;3513;2861;6227;3487;2740;6191;3463;2728
5334;    Städteregion Aachen (einschl. Stadt Aachen);20764;11687;9077;20791;11745;9046;20930;11744;9186;20775;11716;9059;21253;11973;9280;20926;11810;9116;21122;11919;9203;21685;12139;9546;20827;11674;9153;20286;11342;8944;20339;11470;8869;20381;11635;8746
5334002;      Aachen, krfr. Stadt (ab 21.10.2009);9934;5810;4124;9920;5814;4106;9950;5791;4159;10029;5865;4164;10283;5988;4295;10173;5924;4249;10292;5978;4314;10521;6062;4459;10184;5867;4317;9867;5647;4220;10001;5795;4206;10027;5892;4135
5334004;      Alsdorf, Stadt (ab 21.10.2009);2279;1245;1034;2302;1253;1049;2298;1247;1051;2263;1245;1018;2232;1228;1004;2139;1192;947;2154;1199;955;2258;1271;987;2142;1175;967;2125;1176;949;2096;1160;936;2134;1199;935
5334008;      Baesweiler, Stadt (ab 21.10.2009);903;454;449;912;467;445;949;491;458;906;464;442;941;500;441;916;488;428;940;507;433;972;516;456;925;487;438;920;482;438;908;475;433;892;476;416
5334012;      Eschweiler, Stadt (ab 21.10.2009);2061;1118;943;2077;1138;939;2111;1136;975;2079;1144;935;2166;1184;982;2206;1207;999;2239;1218;1021;2280;1229;1051;2149;1168;981;2105;1136;969;2038;1108;930;2000;1101;899
5334016;      Herzogenrath, Stadt (ab 21.10.2009);1439;789;650;1444;803;641;1469;807;662;1433;778;655;1504;816;688;1506;839;667;1502;848;654;1521;853;668;1443;826;617;1396;794;602;1403;799;604;1423;830;593
5334020;      Monschau, Stadt (ab 21.10.2009);221;114;107;231;115;116;237;123;114;227;127;100;225;127;98;216;120;96;207;117;90;224;124;100;217;123;94;193;115;78;185;106;79;181;102;79
5334024;      Roetgen (ab 21.10.2009);113;68;45;111;69;42;100;57;43;104;57;47;116;60;56;112;61;51;117;62;55;130;65;65;124;67;57;110;59;51;117;63;54;110;59;51
5334028;      Simmerath (ab 21.10.2009);324;172;152;343;191;152;338;182;156;322;179;143;317;180;137;316;172;144;330;173;157;337;171;166;327;171;156;316;177;139;324;181;143;330;185;145
5334032;      Stolberg (Rhld.), Stadt (ab 21.10.2009);2354;1290;1064;2332;1277;1055;2325;1269;1056;2286;1241;1045;2316;1265;1051;2225;1193;1032;2227;1198;1029;2271;1212;1059;2195;1173;1022;2170;1169;1001;2191;1191;1000;2185;1177;1008
5334036;      Würselen, Stadt (ab 21.10.2009);1136;627;509;1119;618;501;1153;641;512;1126;616;510;1153;625;528;1117;614;503;1114;619;495;1171;636;535;1121;617;504;1084;587;497;1076;592;484;1099;614;485
5354;    Aachen, Kreis;-;-;-;-;-;-;-;-;-;-;-;-;-;-;-;-;-;-;-;-;-;-;-;-;-;-;-;-;-;-;-;-;-;-;-;-
5354004;      Alsdorf, Stadt;-;-;-;-;-;-;-;-;-;-;-;-;-;-;-;-;-;-;-;-;-;-;-;-;-;-;-;-;-;-;-;-;-;-;-;-
5354008;      Baesweiler, Stadt;-;-;-;-;-;-;-;-;-;-;-;-;-;-;-;-;-;-;-;-;-;-;-;-;-;-;-;-;-;-;-;-;-;-;-;-
5354012;      Eschweiler, Stadt;-;-;-;-;-;-;-;-;-;-;-;-;-;-;-;-;-;-;-;-;-;-;-;-;-;-;-;-;-;-;-;-;-;-;-;-
5354016;      Herzogenrath, Stadt;-;-;-;-;-;-;-;-;-;-;-;-;-;-;-;-;-;-;-;-;-;-;-;-;-;-;-;-;-;-;-;-;-;-;-;-
5354020;      Monschau, Stadt;-;-;-;-;-;-;-;-;-;-;-;-;-;-;-;-;-;-;-;-;-;-;-;-;-;-;-;-;-;-;-;-;-;-;-;-
5354024;      Roetgen;-;-;-;-;-;-;-;-;-;-;-;-;-;-;-;-;-;-;-;-;-;-;-;-;-;-;-;-;-;-;-;-;-;-;-;-
5354028;      Simmerath;-;-;-;-;-;-;-;-;-;-;-;-;-;-;-;-;-;-;-;-;-;-;-;-;-;-;-;-;-;-;-;-;-;-;-;-
5354032;      Stolberg (Rhld.), Stadt;-;-;-;-;-;-;-;-;-;-;-;-;-;-;-;-;-;-;-;-;-;-;-;-;-;-;-;-;-;-;-;-;-;-;-;-
5354036;      Würselen, Stadt;-;-;-;-;-;-;-;-;-;-;-;-;-;-;-;-;-;-;-;-;-;-;-;-;-;-;-;-;-;-;-;-;-;-;-;-
5358;    Düren, Kreis;9362;5143;4219;9360;5161;4199;9421;5180;4241;9402;5120;4282;9220;5051;4169;9173;4996;4177;9078;4987;4091;9162;5011;4151;8828;4779;4049;8717;4760;3957;8469;4644;3825;8553;4723;3830
5358004;      Aldenhoven;581;318;263;601;330;271;594;322;272;587;313;274;585;313;272;585;304;281;578;308;270;558;305;253;514;269;245;507;272;235;480;264;216;490;273;217
5358008;      Düren, Stadt;4836;2655;2181;4821;2657;2164;4848;2669;2179;4867;2675;2192;4773;2641;2132;4745;2614;2131;4688;2588;2100;4726;2590;2136;4618;2507;2111;4564;2516;2048;4482;2471;2011;4545;2518;2027
5358012;      Heimbach, Stadt;120;72;48;121;74;47;122;78;44;112;68;44;118;71;47;106;59;47;107;58;49;114;67;47;110;60;50;98;53;45;93;49;44;90;48;42
5358016;      Hürtgenwald;140;84;56;146;86;60;156;87;69;144;78;66;144;79;65;146;81;65;139;80;59;145;84;61;151;85;66;161;90;71;132;77;55;135;77;58
5358020;      Inden;148;88;60;142;79;63;149;85;64;139;77;62;135;72;63;136;72;64;140;69;71;134;65;69;122;62;60;125;65;60;119;61;58;125;67;58
5358024;      Jülich, Stadt;1069;568;501;1050;561;489;1016;537;479;1012;519;493;986;521;465;1002;522;480;1001;529;472;1016;544;472;930;484;446;934;488;446;905;484;421;901;494;407
5358028;      Kreuzau;374;195;179;372;193;179;373;195;178;369;192;177;365;192;173;368;200;168;363;203;160;362;202;160;328;173;155;327;175;152;336;173;163;344;180;164
5358032;      Langerwehe;291;163;128;294;157;137;284;149;135;298;157;141;287;147;140;301;149;152;280;144;136;293;147;146;289;141;148;269;137;132;258;130;128;254;134;120
5358036;      Linnich, Stadt;397;216;181;386;209;177;385;210;175;391;212;179;390;210;180;385;216;169;392;229;163;390;216;174;374;214;160;374;206;168;366;205;161;378;203;175
5358040;      Merzenich;209;120;89;223;131;92;228;134;94;225;131;94;228;133;95;223;130;93;216;132;84;226;140;86;228;144;84;208;123;85;195;113;82;204;119;85
5358044;      Nideggen, Stadt;178;108;70;198;116;82;217;130;87;196;111;85;188;102;86;179;98;81;181;95;86;193;98;95;187;93;94;186;92;94;176;94;82;182;101;81
5358048;      Niederzier;391;218;173;374;208;166;389;214;175;390;209;181;381;210;171;367;204;163;372;213;159;373;205;168;355;200;155;340;190;150;325;185;140;321;179;142
5358052;      Nörvenich;256;141;115;260;150;110;287;164;123;283;165;118;260;146;114;257;143;114;243;127;116;253;144;109;253;146;107;252;147;105;259;145;114;242;135;107
5358056;      Titz;171;85;86;175;96;79;175;95;80;190;104;86;182;105;77;181;100;81;188;109;79;182;99;83;173;97;76;175;106;69;153;92;61;158;92;66
5358060;      Vettweiß;201;112;89;197;114;83;198;111;87;199;109;90;198;109;89;192;104;88;190;103;87;197;105;92;196;104;92;197;100;97;190;101;89;184;103;81
5362;    Rhein-Erft-Kreis;14639;8020;6619;14624;8001;6623;14414;7893;6521;13869;7605;6264;13641;7516;6125;14882;8152;6730;15211;8250;6961;15630;8392;7238;15120;8161;6959;14741;7925;6816;14403;7759;6644;14826;8110;6716
5362004;      Bedburg, Stadt;740;417;323;711;395;316;697;388;309;681;374;307;691;373;318;750;394;356;741;399;342;751;401;350;740;401;339;709;378;331;684;364;320;700;380;320
5362008;      Bergheim, Stadt;2983;1639;1344;2900;1592;1308;2886;1584;1302;2801;1544;1257;2746;1513;1233;2983;1626;1357;3063;1651;1412;3155;1670;1485;3114;1658;1456;3072;1629;1443;3018;1613;1405;3034;1632;1402
5362012;      Brühl, Stadt;1336;734;602;1411;776;635;1406;772;634;1269;699;570;1255;685;570;1343;735;608;1394;758;636;1427;775;652;1376;757;619;1343;745;598;1311;724;587;1315;741;574
5362016;      Elsdorf, Stadt;787;444;343;777;439;338;766;438;328;757;434;323;733;424;309;787;441;346;780;436;344;772;424;348;753;425;328;762;418;344;733;408;325;747;417;330
5362020;      Erftstadt, Stadt;1129;624;505;1150;623;527;1133;610;523;1105;588;517;1121;606;515;1157;620;537;1129;621;508;1244;667;577;1188;623;565;1141;615;526;1090;576;514;1157;636;521
5362024;      Frechen, Stadt;1591;882;709;1587;899;688;1561;888;673;1501;842;659;1423;804;619;1583;894;689;1654;904;750;1710;929;781;1651;905;746;1554;847;707;1498;830;668;1535;856;679
5362028;      Hürth, Stadt;1686;895;791;1689;896;793;1687;906;781;1589;839;750;1606;866;740;1719;927;792;1745;921;824;1765;931;834;1702;894;808;1704;883;821;1674;871;803;1760;938;822
5362032;      Kerpen, Stadt;2191;1190;1001;2163;1174;989;2118;1141;977;2049;1120;929;2010;1116;894;2312;1283;1029;2398;1324;1074;2445;1327;1118;2388;1306;1082;2289;1253;1036;2265;1242;1023;2386;1317;1069
5362036;      Pulheim, Stadt;861;468;393;871;473;398;843;467;376;866;478;388;832;456;376;944;523;421;1013;549;464;1047;563;484;973;534;439;950;491;459;940;484;456;939;491;448
5362040;      Wesseling, Stadt;1335;727;608;1365;734;631;1317;699;618;1251;687;564;1224;673;551;1304;709;595;1294;687;607;1314;705;609;1235;658;577;1217;666;551;1190;647;543;1253;702;551
5366;    Euskirchen, Kreis;5515;3090;2425;5596;3121;2475;5429;3023;2406;5291;2940;2351;5187;2882;2305;5187;2859;2328;5274;2897;2377;5396;2926;2470;5188;2858;2330;5157;2842;2315;5068;2819;2249;5149;2877;2272
5366004;      Bad Münstereifel, Stadt;396;214;182;406;222;184;385;205;180;362;187;175;347;178;169;368;192;176;377;192;185;388;193;195;376;197;179;358;194;164;373;205;168;364;200;164
5366008;      Blankenheim;191;116;75;201;125;76;190;121;69;180;117;63;179;119;60;177;118;59;193;129;64;204;133;71;179;109;70;195;118;77;178;109;69;197;115;82
5366012;      Dahlem;83;50;33;89;55;34;80;47;33;75;45;30;73;45;28;77;41;36;83;45;38;84;40;44;75;41;34;79;43;36;73;37;36;80;44;36
5366016;      Euskirchen, Stadt;2188;1234;954;2194;1233;961;2196;1228;968;2169;1196;973;2134;1181;953;2141;1195;946;2153;1202;951;2195;1204;991;2126;1191;935;2110;1170;940;2047;1156;891;2050;1156;894
5366020;      Hellenthal;182;95;87;190;105;85;184;101;83;174;97;77;170;98;72;154;82;72;169;90;79;179;97;82;172;96;76;170;94;76;168;98;70;172;103;69
5366024;      Kall;294;165;129;283;166;117;280;169;111;272;171;101;261;163;98;269;167;102;273;168;105;280;163;117;279;164;115;276;163;113;272;161;111;290;178;112
5366028;      Mechernich, Stadt;673;388;285;706;393;313;667;374;293;637;356;281;623;346;277;616;341;275;608;339;269;644;357;287;618;343;275;617;345;272;622;343;279;644;364;280
5366032;      Nettersheim;123;66;57;130;73;57;127;68;59;122;65;57;125;64;61;120;64;56;119;62;57;126;65;61;111;62;49;112;62;50;109;59;50;119;63;56
5366036;      Schleiden, Stadt;383;200;183;392;206;186;365;197;168;371;198;173;355;189;166;345;172;173;356;172;184;353;168;185;350;175;175;349;173;176;358;192;166;369;195;174
5366040;      Weilerswist;455;260;195;478;261;217;457;251;206;443;245;198;429;239;190;450;242;208;457;248;209;468;260;208;448;244;204;439;241;198;428;229;199;432;226;206
5366044;      Zülpich, Stadt;547;302;245;527;282;245;498;262;236;486;263;223;491;260;231;470;245;225;486;250;236;475;246;229;454;236;218;452;239;213;440;230;210;432;233;199
5370;    Heinsberg, Kreis;7070;3866;3204;6992;3851;3141;7043;3852;3191;6851;3729;3122;6968;3793;3175;6771;3636;3135;6817;3631;3186;6857;3673;3184;6759;3600;3159;6602;3524;3078;6493;3469;3024;6552;3561;2991
5370004;      Erkelenz, Stadt;1041;561;480;1023;556;467;1059;561;498;996;532;464;1022;537;485;1018;528;490;1026;541;485;1050;566;484;987;539;448;957;523;434;924;504;420;959;540;419
5370008;      Gangelt;212;120;92;217;130;87;224;129;95;236;144;92;241;146;95;221;125;96;250;138;112;243;140;103;220;126;94;224;127;97;223;128;95;218;124;94
5370012;      Geilenkirchen, Stadt;788;443;345;775;439;336;777;447;330;773;440;333;775;438;337;755;416;339;759;414;345;796;434;362;763;433;330;740;415;325;728;414;314;732;423;309
5370016;      Heinsberg, Stadt;1225;644;581;1222;660;562;1219;673;546;1206;645;561;1206;643;563;1192;623;569;1216;640;576;1236;647;589;1274;652;622;1230;636;594;1213;621;592;1240;647;593
5370020;      Hückelhoven, Stadt;1342;719;623;1325;703;622;1351;728;623;1305;692;613;1358;722;636;1316;695;621;1316;680;636;1323;698;625;1298;670;628;1281;672;609;1270;666;604;1267;681;586
5370024;      Selfkant;159;89;70;169;95;74;172;98;74;151;86;65;156;88;68;149;87;62;147;81;66;135;70;65;142;75;67;134;70;64;142;73;69;142;77;65
5370028;      Übach-Palenberg, Stadt;957;547;410;935;528;407;927;514;413;959;526;433;949;528;421;898;494;404;878;470;408;852;476;376;857;471;386;838;470;368;819;450;369;824;460;364
5370032;      Waldfeucht;147;85;62;154;92;62;149;80;69;137;79;58;132;69;63;128;65;63;131;72;59;138;72;66;128;61;67;128;61;67;141;67;74;133;61;72
5370036;      Wassenberg, Stadt;530;291;239;523;288;235;519;279;240;493;269;224;505;282;223;488;267;221;496;267;229;476;243;233;473;240;233;465;235;230;471;240;231;489;253;236
5370040;      Wegberg, Stadt;669;367;302;649;360;289;646;343;303;595;316;279;624;340;284;606;336;270;598;328;270;608;327;281;617;333;284;605;315;290;562;306;256;548;295;253
5374;    Oberbergischer Kreis;7134;3989;3145;7065;3984;3081;6879;3856;3023;6774;3790;2984;7092;3971;3121;7332;4096;3236;7471;4189;3282;7751;4291;3460;7484;4162;3322;7525;4178;3347;7566;4240;3326;7790;4423;3367
5374004;      Bergneustadt, Stadt;666;358;308;674;353;321;656;333;323;660;344;316;773;403;370;783;415;368;813;420;393;836;441;395;795;426;369;808;430;378;790;409;381;832;436;396
5374008;      Engelskirchen;407;217;190;392;217;175;392;208;184;395;215;180;390;207;183;404;219;185;406;228;178;427;240;187;398;217;181;387;216;171;395;216;179;431;239;192
5374012;      Gummersbach, Stadt;1685;946;739;1694;955;739;1644;931;713;1607;916;691;1760;1013;747;1766;1019;747;1743;1012;731;1827;1038;789;1757;1009;748;1770;1023;747;1763;1030;733;1780;1039;741
5374016;      Hückeswagen, Stadt;433;240;193;449;254;195;434;244;190;424;232;192;413;229;184;466;259;207;480;262;218;489;262;227;480;258;222;482;250;232;483;257;226;493;264;229
5374020;      Lindlar;347;210;137;332;200;132;326;193;133;308;176;132;299;168;131;336;182;154;361;200;161;362;196;166;367;204;163;369;203;166;367;203;164;374;212;162
5374024;      Marienheide;263;155;108;272;157;115;246;146;100;243;143;100;265;153;112;284;161;123;297;163;134;300;163;137;278;153;125;279;156;123;272;161;111;274;165;109
5374028;      Morsbach;198;112;86;195;112;83;212;119;93;205;119;86;225;133;92;231;130;101;233;134;99;254;149;105;224;124;100;226;130;96;219;119;100;221;124;97
5374032;      Nümbrecht;317;179;138;319;184;135;319;178;141;302;176;126;300;162;138;307;167;140;316;170;146;327;171;156;332;178;154;328;166;162;355;194;161;378;213;165
5374036;      Radevormwald, Stadt;761;429;332;716;408;308;728;414;314;733;417;316;714;399;315;710;396;314;719;408;311;734;410;324;730;401;329;705;384;321;720;407;313;734;415;319
5374040;      Reichshof;455;258;197;457;263;194;457;273;184;429;248;181;476;270;206;484;268;216;492;270;222;502;268;234;485;269;216;496;275;221;511;276;235;524;290;234
5374044;      Waldbröl, Stadt;637;350;287;622;356;266;574;324;250;565;313;252;571;332;239;629;356;273;653;370;283;694;383;311;692;386;306;690;398;292;696;406;290;717;427;290
5374048;      Wiehl, Stadt;447;252;195;442;254;188;410;233;177;415;223;192;420;239;181;451;267;184;471;287;184;496;291;205;460;269;191;480;269;211;473;266;207;499;287;212
5374052;      Wipperfürth, Stadt;518;283;235;501;271;230;481;260;221;488;268;220;486;263;223;481;257;224;487;265;222;503;279;224;486;268;218;505;278;227;522;296;226;533;312;221
5378;    Rheinisch-Bergischer Kreis;7809;4303;3506;7771;4300;3471;7594;4203;3391;7514;4134;3380;7803;4291;3512;7829;4318;3511;8228;4534;3694;8329;4524;3805;7969;4364;3605;8000;4394;3606;7939;4358;3581;7878;4338;3540
5378004;      Bergisch Gladbach, Stadt;3481;1890;1591;3469;1898;1571;3367;1838;1529;3366;1839;1527;3526;1926;1600;3554;1944;1610;3720;2046;1674;3733;2021;1712;3528;1904;1624;3598;1925;1673;3591;1907;1684;3557;1907;1650
5378008;      Burscheid, Stadt;606;345;261;602;337;265;595;334;261;596;330;266;598;344;254;592;346;246;633;362;271;639;352;287;635;348;287;626;341;285;599;333;266;599;339;260
5378012;      Kürten;464;255;209;483;273;210;460;256;204;447;234;213;451;235;216;470;248;222;511;278;233;518;286;232;486;279;207;470;279;191;452;273;179;442;263;179
5378016;      Leichlingen (Rhld.), Stadt;675;371;304;655;360;295;648;363;285;635;358;277;648;372;276;627;350;277;665;364;301;656;347;309;621;336;285;613;335;278;602;330;272;606;335;271
5378020;      Odenthal;254;153;101;244;145;99;239;141;98;225;128;97;224;132;92;228;133;95;237;133;104;261;146;115;258;147;111;242;140;102;239;138;101;231;128;103
5378024;      Overath, Stadt;686;383;303;658;368;290;656;370;286;652;375;277;684;382;302;672;379;293;714;408;306;735;409;326;711;394;317;709;396;313;711;391;320;729;413;316
5378028;      Rösrath, Stadt;730;396;334;711;383;328;675;366;309;680;369;311;718;378;340;745;400;345;784;416;368;805;415;390;770;405;365;753;406;347;752;407;345;730;397;333
5378032;      Wermelskirchen, Stadt;913;510;403;949;536;413;954;535;419;913;501;412;954;522;432;941;518;423;964;527;437;982;548;434;960;551;409;989;572;417;993;579;414;984;556;428
5382;    Rhein-Sieg-Kreis;15658;8915;6743;15583;8896;6687;15326;8665;6661;15358;8650;6708;15766;8857;6909;15663;8756;6907;15994;8943;7051;16390;9069;7321;16003;8829;7174;15578;8663;6915;15051;8389;6662;15646;8869;6777
5382004;      Alfter;500;279;221;512;304;208;497;292;205;486;284;202;499;284;215;488;268;220;483;257;226;518;276;242;475;256;219;442;250;192;424;241;183;439;258;181
5382008;      Bad Honnef, Stadt;557;332;225;545;313;232;546;329;217;542;314;228;549;315;234;548;311;237;562;321;241;558;317;241;543;297;246;527;282;245;519;283;236;535;308;227
5382012;      Bornheim, Stadt;1007;560;447;1049;589;460;1012;561;451;1021;573;448;1013;570;443;991;564;427;984;561;423;1041;577;464;988;548;440;984;561;423;937;525;412;966;539;427
5382016;      Eitorf;652;358;294;650;355;295;657;355;302;641;344;297;663;362;301;640;353;287;650;357;293;665;366;299;665;368;297;654;367;287;646;348;298;687;398;289
5382020;      Hennef (Sieg), Stadt;1125;615;510;1108;602;506;1089;587;502;1103;603;500;1106;594;512;1100;579;521;1155;613;542;1167;618;549;1162;612;550;1155;631;524;1131;624;507;1146;634;512
5382024;      Königswinter, Stadt;998;589;409;998;590;408;963;568;395;935;550;385;952;574;378;957;570;387;1007;601;406;1050;613;437;1013;590;423;1001;582;419;952;555;397;974;579;395
5382028;      Lohmar, Stadt;637;350;287;610;336;274;597;338;259;615;340;275;615;343;272;601;334;267;630;355;275;643;362;281;635;356;279;598;340;258;592;331;261;612;339;273
5382032;      Meckenheim, Stadt;625;338;287;627;340;287;636;338;298;623;336;287;619;333;286;602;321;281;618;322;296;623;325;298;602;321;281;587;320;267;578;310;268;601;316;285
5382036;      Much;338;193;145;332;189;143;325;181;144;328;176;152;330;176;154;339;194;145;355;202;153;351;205;146;358;211;147;346;196;150;336;199;137;360;224;136
5382040;      Neunkirchen-Seelscheid;385;210;175;374;205;169;381;198;183;396;205;191;383;204;179;378;201;177;399;212;187;415;217;198;410;201;209;414;220;194;413;218;195;431;222;209
5382044;      Niederkassel, Stadt;803;464;339;806;470;336;760;437;323;774;443;331;777;426;351;806;441;365;834;460;374;850;456;394;787;419;368;773;420;353;746;411;335;784;443;341
5382048;      Rheinbach, Stadt;590;333;257;584;328;256;580;319;261;585;319;266;602;329;273;603;317;286;619;336;283;620;340;280;598;320;278;591;317;274;546;299;247;565;306;259
5382052;      Ruppichteroth;291;160;131;285;149;136;286;156;130;278;151;127;292;156;136;288;161;127;295;167;128;313;167;146;288;165;123;281;164;117;270;152;118;290;164;126
5382056;      Sankt Augustin, Stadt;1609;950;659;1593;930;663;1572;921;651;1580;927;653;1720;994;726;1661;958;703;1714;984;730;1780;1014;766;1819;1017;802;1719;962;757;1607;903;704;1669;966;703
5382060;      Siegburg, Stadt;1602;936;666;1584;942;642;1571;926;645;1580;929;651;1645;964;681;1617;937;680;1631;952;679;1658;936;722;1633;945;688;1591;925;666;1545;893;652;1622;951;671
5382064;      Swisttal;377;210;167;383;211;172;387;208;179;391;211;180;407;222;185;423;237;186;401;228;173;400;223;177;392;215;177;374;207;167;391;219;172;396;218;178
5382068;      Troisdorf, Stadt;2624;1496;1128;2602;1492;1110;2554;1436;1118;2542;1417;1125;2606;1450;1156;2642;1470;1172;2667;1468;1199;2737;1498;1239;2652;1444;1208;2587;1394;1193;2479;1345;1134;2586;1440;1146
5382072;      Wachtberg;334;204;130;342;208;134;318;185;133;315;185;130;329;192;137;323;180;143;330;182;148;329;186;143;328;183;145;319;175;144;317;188;129;332;197;135
5382076;      Windeck;604;338;266;599;343;256;595;330;265;623;343;280;659;369;290;656;360;296;660;365;295;672;373;299;655;361;294;635;350;285;622;345;277;651;367;284
55;  Münster, Regierungsbezirk;86356;47406;38950;84845;46939;37906;83817;46251;37566;82417;45285;37132;82316;45053;37263;82519;44864;37655;84787;46173;38613;86402;46705;39697;83205;45122;38083;81129;44182;36947;80506;44157;36349;81158;44923;36235
5512;    Bottrop, krfr. Stadt;4159;2356;1803;4157;2379;1778;4162;2387;1775;4154;2356;1798;4272;2380;1892;4369;2406;1963;4427;2444;1983;4501;2456;2045;4205;2261;1944;4223;2291;1932;4133;2261;1872;4169;2290;1879
5513;    Gelsenkirchen, krfr. Stadt;16500;9231;7269;16303;9234;7069;16140;9077;7063;16114;9046;7068;16407;9145;7262;16822;9294;7528;17321;9508;7813;17414;9518;7896;16973;9242;7731;16297;8892;7405;16448;9096;7352;16656;9235;7421
5515;    Münster, krfr. Stadt;8137;4531;3606;7949;4406;3543;7930;4451;3479;7767;4343;3424;7718;4321;3397;7688;4278;3410;7992;4458;3534;8279;4562;3717;8031;4496;3535;7653;4313;3340;7593;4296;3297;7525;4281;3244
5554;    Borken, Kreis;7693;3985;3708;7552;3910;3642;7391;3767;3624;7216;3676;3540;7176;3627;3549;7207;3673;3534;7637;3975;3662;7977;4177;3800;7482;3925;3557;7258;3790;3468;7125;3728;3397;7331;3923;3408
5554004;      Ahaus, Stadt;635;328;307;585;312;273;569;299;270;561;282;279;553;280;273;537;264;273;621;335;286;664;363;301;596;325;271;580;314;266;553;298;255;571;325;246
5554008;      Bocholt, Stadt;1984;1010;974;1973;995;978;1941;973;968;1893;954;939;1864;922;942;1893;932;961;1964;970;994;2080;1050;1030;1927;973;954;1864;915;949;1854;924;930;1924;974;950
5554012;      Borken, Stadt;1014;537;477;1005;522;483;976;501;475;956;491;465;951;481;470;928;481;447;984;522;462;1008;536;472;935;510;425;919;489;430;882;468;414;938;499;439
5554016;      Gescher, Stadt;323;186;137;311;179;132;301;170;131;301;159;142;295;160;135;284;157;127;317;185;132;312;173;139;305;159;146;294;157;137;302;157;145;296;162;134
5554020;      Gronau (Westf.), Stadt;1568;802;766;1487;749;738;1452;728;724;1454;739;715;1470;760;710;1507;774;733;1576;820;756;1608;826;782;1571;812;759;1552;798;754;1530;795;735;1557;824;733
5554024;      Heek;94;51;43;92;50;42;86;43;43;80;43;37;75;44;31;66;39;27;75;44;31;97;54;43;85;42;43;78;37;41;94;47;47;87;47;40
5554028;      Heiden;95;51;44;101;60;41;97;58;39;92;49;43;93;49;44;104;54;50;102;56;46;103;54;49;91;45;46;85;42;43;91;44;47;91;47;44
5554032;      Isselburg, Stadt;240;118;122;248;120;128;257;115;142;262;121;141;265;116;149;253;117;136;242;111;131;228;106;122;221;105;116;216;106;110;200;101;99;196;101;95
5554036;      Legden;84;42;42;92;49;43;101;54;47;104;47;57;96;45;51;104;55;49;119;61;58;128;65;63;109;55;54;106;57;49;104;60;44;107;59;48
5554040;      Raesfeld;120;66;54;123;71;52;116;62;54;103;53;50;102;53;49;108;59;49;118;62;56;118;68;50;112;60;52;116;68;48;114;64;50;120;65;55
5554044;      Reken;214;122;92;224;127;97;203;115;88;196;112;84;185;102;83;182;100;82;173;94;79;189;110;79;191;102;89;162;87;75;173;88;85;174;97;77
5554048;      Rhede, Stadt;264;128;136;250;120;130;257;124;133;249;128;121;237;116;121;246;129;117;277;143;134;301;165;136;281;154;127;262;148;114;247;133;114;242;140;102
5554052;      Schöppingen;95;55;40;86;49;37;86;47;39;93;54;39;94;52;42;93;50;43;96;49;47;98;53;45;79;40;39;81;46;35;72;39;33;79;47;32
5554056;      Stadtlohn, Stadt;329;158;171;317;151;166;298;141;157;279;135;144;275;130;145;288;146;142;324;180;144;371;209;162;330;187;143;309;176;133;299;166;133;336;188;148
5554060;      Südlohn;85;44;41;94;49;45;102;51;51;76;42;34;89;46;43;81;46;35;103;60;43;84;44;40;81;45;36;81;48;33;73;45;28;78;48;30
5554064;      Velen, Stadt;222;117;105;222;123;99;229;127;102;220;114;106;219;115;104;230;113;117;232;113;119;261;130;131;253;136;117;220;118;102;218;116;102;221;121;100
5554068;      Vreden, Stadt;327;170;157;342;184;158;320;159;161;297;153;144;313;156;157;303;157;146;314;170;144;327;171;156;315;175;140;333;184;149;319;183;136;314;179;135
5558;    Coesfeld, Kreis;3348;1890;1458;3384;1957;1427;3354;1943;1411;3306;1882;1424;3292;1877;1415;3386;1913;1473;3547;1991;1555;3728;2076;1652;3384;1883;1501;3260;1858;1402;3160;1820;1340;3207;1845;1362
5558004;      Ascheberg;195;115;80;211;126;85;198;115;83;210;125;85;214;127;87;237;130;107;232;126;106;247;145;102;244;140;104;229;135;94;211;122;89;201;116;85
5558008;      Billerbeck, Stadt;125;74;51;132;80;52;131;78;53;128;72;56;142;80;62;144;84;60;160;91;68;169;95;74;145;83;62;138;73;65;132;74;58;125;74;51
5558012;      Coesfeld, Stadt;635;348;287;583;338;245;590;339;251;589;324;265;583;316;267;626;346;280;652;371;281;657;360;297;580;312;268;554;297;257;557;317;240;581;339;242
5558016;      Dülmen, Stadt;764;435;329;803;476;327;785;479;306;742;442;300;737;439;298;749;444;305;797;455;342;804;471;333;711;417;294;692;417;275;690;411;279;709;413;296
5558020;      Havixbeck;151;87;64;164;89;75;169;94;75;169;93;76;142;75;67;145;75;70;147;76;71;159;81;78;136;77;59;147;84;63;130;75;55;135;77;58
5558024;      Lüdinghausen, Stadt;465;273;192;477;279;198;458;273;185;456;265;191;457;264;193;452;255;197;484;282;202;529;306;223;498;288;210;462;286;176;436;270;166;442;265;177
5558028;      Nordkirchen;109;66;43;107;68;39;118;72;46;123;72;51;111;65;46;111;65;46;119;70;49;138;75;63;131;70;61;137;74;63;135;76;59;125;73;52
5558032;      Nottuln;339;178;161;346;185;161;348;184;164;338;181;157;342;180;162;357;189;168;371;195;176;382;197;185;337;174;163;344;184;160;329;179;150;352;186;166
5558036;      Olfen, Stadt;163;90;73;147;77;70;143;74;69;142;80;62;154;95;59;159;98;61;165;102;63;170;90;80;164;92;72;154;83;71;146;80;66;147;90;57
5558040;      Rosendahl;102;55;47;136;81;55;120;68;52;129;71;58;126;69;57;125;66;59;125;72;53;142;80;62;126;68;58;108;60;48;112;60;52;127;70;57
5558044;      Senden;300;169;131;278;158;120;294;167;127;280;157;123;284;167;117;281;161;120;295;151;144;331;176;155;312;162;150;295;165;130;282;156;126;263;142;121
5562;    Recklinghausen, Kreis;28448;15648;12800;27915;15479;12436;27549;15254;12295;26816;14776;12040;26510;14598;11912;26137;14241;11896;26202;14305;11897;26393;14271;12122;25636;13870;11766;25304;13740;11564;25042;13692;11350;25196;13960;11236
5562004;      Castrop-Rauxel, Stadt;3247;1876;1371;3219;1889;1330;3174;1858;1316;2872;1650;1222;2893;1661;1232;2901;1663;1238;2867;1634;1233;2805;1595;1210;2689;1553;1136;2644;1522;1122;2621;1532;1089;2703;1592;1111
5562008;      Datteln, Stadt;1723;943;780;1696;947;749;1680;933;747;1609;864;745;1554;843;711;1557;843;714;1565;848;717;1592;848;744;1580;860;720;1563;859;704;1519;839;680;1521;848;673
5562012;      Dorsten, Stadt;2748;1503;1245;2689;1460;1229;2639;1444;1195;2582;1399;1183;2592;1426;1166;2505;1357;1148;2527;1370;1157;2553;1364;1189;2511;1347;1164;2466;1332;1134;2418;1323;1095;2381;1299;1082
5562014;      Gladbeck, Stadt;4107;2304;1803;4025;2263;1762;3908;2192;1716;3890;2158;1732;3844;2124;1720;3812;2084;1728;3794;2091;1703;3781;2096;1685;3660;2003;1657;3664;2020;1644;3641;2019;1622;3713;2094;1619
5562016;      Haltern am See, Stadt;767;443;324;753;435;318;719;406;313;730;416;314;670;377;293;657;360;297;684;377;307;700;386;314;665;370;295;650;369;281;668;391;277;666;390;276
5562020;      Herten, Stadt;3182;1711;1471;3136;1701;1435;3076;1658;1418;3000;1652;1348;2921;1566;1355;2849;1507;1342;2874;1536;1338;2898;1557;1341;2812;1513;1299;2775;1462;1313;2758;1447;1311;2784;1477;1307
5562024;      Marl, Stadt;4317;2345;1972;4227;2318;1909;4244;2336;1908;4113;2239;1874;4070;2227;1843;4039;2189;1850;4089;2211;1878;4126;2186;1940;4015;2129;1886;3931;2099;1832;3889;2084;1805;3953;2145;1808
5562028;      Oer-Erkenschwick, Stadt;1307;684;623;1285;680;605;1291;681;610;1290;693;597;1276;679;597;1218;645;573;1218;649;569;1232;636;596;1229;622;607;1239;642;597;1204;624;580;1178;602;576
5562032;      Recklinghausen, Stadt;6244;3406;2838;6104;3368;2736;6072;3347;2725;6008;3311;2697;5970;3296;2674;5878;3184;2694;5857;3175;2682;5965;3186;2779;5760;3067;2693;5676;3035;2641;5627;3029;2598;5593;3106;2487
5562036;      Waltrop, Stadt;806;433;373;781;418;363;746;399;347;722;394;328;720;399;321;721;409;312;727;414;313;741;417;324;715;406;309;696;400;296;697;404;293;704;407;297
5566;    Steinfurt, Kreis;10503;5697;4806;10200;5570;4630;10096;5476;4620;9951;5377;4574;9885;5328;4557;9938;5349;4589;10419;5600;4819;10666;5688;4978;10255;5511;4744;10146;5499;4647;9850;5364;4486;9919;5438;4481
5566004;      Altenberge;213;123;90;200;115;85;195;108;87;187;108;79;202;112;90;206;117;89;222;126;96;219;118;101;209;118;91;217;119;98;193;114;79;186;112;74
5566008;      Emsdetten, Stadt;798;448;350;780;446;334;767;448;319;757;431;326;721;402;319;727;407;320;768;426;342;819;451;368;766;417;349;781;435;346;768;441;327;764;429;335
5566012;      Greven, Stadt;968;524;444;968;540;428;955;512;443;902;476;426;910;497;413;889;467;422;941;491;450;972;508;464;927;479;448;896;472;424;883;476;407;916;502;414
5566016;      Hörstel, Stadt;326;177;149;310;174;136;298;166;132;282;150;132;271;152;119;272;146;126;298;157;141;322;171;151;322;174;148;324;167;157;310;165;145;309;172;137
5566020;      Hopsten;84;44;40;86;44;42;90;47;43;90;47;43;95;53;42;94;51;43;110;60;50;107;61;46;91;48;43;106;57;49;104;60;44;112;64;48
5566024;      Horstmar, Stadt;129;77;52;129;74;55;136;79;57;124;74;50;127;77;50;137;83;54;147;91;56;141;91;50;130;83;47;120;80;40;116;75;41;115;76;39
5566028;      Ibbenbüren, Stadt;1069;562;507;1040;541;499;1011;525;486;1012;521;491;1020;523;497;1048;540;508;1113;567;546;1127;575;552;1105;569;536;1087;551;536;1020;522;498;1029;532;497
5566032;      Ladbergen;111;51;60;102;53;49;107;58;49;100;54;46;94;46;48;101;55;46;100;54;46;112;54;58;101;47;54;87;43;44;82;44;38;89;53;36
5566036;      Laer;161;94;67;157;88;69;144;83;61;150;87;63;139;81;58;152;87;65;154;88;66;154;88;66;162;92;70;159;85;74;138;69;69;158;78;80
5566040;      Lengerich, Stadt;533;269;264;485;255;230;489;263;226;474;250;224;498;266;232;485;242;243;498;263;235;518;268;250;498;261;237;511;284;227;502;284;218;503;281;222
5566044;      Lienen;152;90;62;141;86;55;149;93;56;158;96;62;165;100;65;161;100;61;156;95;61;165;100;65;151;84;67;152;84;68;143;80;63;126;69;57
5566048;      Lotte;358;199;159;356;203;153;357;189;168;372;198;174;370;198;172;372;200;172;403;219;184;399;204;195;376;189;187;378;205;173;345;190;155;339;181;158
5566052;      Metelen;144;66;78;146;72;74;142;67;75;129;64;65;128;58;70;132;64;68;124;55;69;144;68;76;136;66;70;134;62;72;134;66;68;135;67;68
5566056;      Mettingen;140;81;59;150;86;64;152;79;73;159;90;69;163;96;67;149;81;68;175;98;77;171;94;77;175;97;78;157;82;75;156;84;72;149;83;66
5566060;      Neuenkirchen;274;143;131;273;147;126;270;149;121;265;147;118;257;142;115;264;147;117;283;147;136;274;140;134;266;143;123;247;140;107;245;138;107;267;150;117
5566064;      Nordwalde;214;123;91;191;108;83;185;107;78;178;106;72;183;105;78;191;107;84;196;110;86;204;112;92;191;103;88;186;103;83;187;102;85;181;97;84
5566068;      Ochtrup, Stadt;506;289;217;488;282;206;473;277;196;454;255;199;433;241;192;441;254;187;474;277;197;480;276;204;483;285;198;483;279;204;491;277;214;491;282;209
5566072;      Recke;188;99;89;189;99;90;180;91;89;191;91;100;188;95;93;193;102;91;216;119;97;222;120;102;201;110;91;198;106;92;192;102;90;185;96;89
5566076;      Rheine, Stadt;2338;1242;1096;2256;1161;1095;2266;1170;1096;2242;1169;1073;2235;1150;1085;2268;1188;1080;2348;1229;1119;2358;1224;1134;2244;1187;1057;2226;1167;1059;2178;1133;1045;2198;1176;1022
5566080;      Saerbeck;116;56;60;116;59;57;116;55;61;114;58;56;120;62;58;119;58;61;120;59;61;128;59;69;110;51;59;112;55;57;111;53;58;121;60;61
5566084;      Steinfurt, Stadt;1128;648;480;1100;638;462;1077;611;466;1065;607;458;1026;583;443;1027;588;439;1054;592;462;1079;611;468;1103;632;471;1085;641;444;1059;612;447;1073;625;448
5566088;      Tecklenburg, Stadt;167;92;75;161;88;73;153;83;70;168;93;75;156;85;71;138;74;64;145;78;67;154;85;69;131;77;54;122;79;43;124;76;48;119;74;45
5566092;      Westerkappeln;255;131;124;242;134;108;239;137;102;235;129;106;252;133;119;246;128;118;244;134;110;255;139;116;248;129;119;254;130;124;234;122;112;219;107;112
5566096;      Wettringen;131;69;62;134;77;57;145;79;66;143;76;67;132;71;61;126;63;63;130;65;65;142;71;71;129;70;59;124;73;51;135;79;56;135;72;63
5570;    Warendorf, Kreis;7568;4068;3500;7385;4004;3381;7195;3896;3299;7093;3829;3264;7056;3777;3279;6972;3710;3262;7242;3892;3350;7444;3957;3487;7239;3934;3305;6988;3799;3189;7155;3900;3255;7155;3951;3204
5570004;      Ahlen, Stadt;2282;1180;1102;2237;1157;1080;2192;1144;1048;2146;1113;1033;2156;1117;1039;2150;1107;1043;2219;1138;1081;2301;1171;1130;2277;1166;1111;2158;1100;1058;2243;1170;1073;2241;1193;1048
5570008;      Beckum, Stadt;1321;684;637;1300;669;631;1282;662;620;1235;621;614;1249;635;614;1218;629;589;1237;642;595;1262;635;627;1183;626;557;1133;602;531;1185;620;565;1187;636;551
5570012;      Beelen;114;64;50;106;57;49;100;52;48;115;62;53;108;62;46;105;55;50;113;65;48;104;54;50;105;57;48;116;58;58;118;60;58;127;69;58
5570016;      Drensteinfurt, Stadt;260;144;116;249;150;99;252;150;102;252;149;103;258;154;104;257;148;109;269;156;113;274;157;117;273;157;116;254;145;109;240;132;108;250;134;116
5570020;      Ennigerloh, Stadt;528;294;234;516;283;233;499;269;230;493;263;230;470;248;222;457;244;213;490;265;225;527;278;249;531;287;244;485;255;230;490;244;246;502;253;249
5570024;      Everswinkel;203;116;87;195;120;75;191;122;69;168;105;63;156;87;69;162;96;66;161;90;71;172;96;76;164;93;71;174;105;69;170;99;71;160;101;59
5570028;      Oelde, Stadt;684;375;309;661;369;292;651;360;291;664;370;294;631;353;278;623;340;283;648;365;283;677;382;295;654;377;277;617;371;246;641;380;261;642;380;262
5570032;      Ostbevern;220;124;96;228;132;96;220;129;91;218;131;87;207;113;94;209;114;95;221;126;95;211;116;95;206;111;95;216;126;90;204;122;82;205;123;82
5570036;      Sassenberg, Stadt;287;164;123;272;150;122;258;139;119;261;145;116;265;143;122;255;134;121;289;164;125;291;160;131;272;157;115;274;154;120;274;159;115;275;153;122
5570040;      Sendenhorst, Stadt;280;159;121;274;165;109;251;145;106;259;148;111;269;151;118;273;148;125;276;149;127;296;165;131;292;167;125;275;149;126;278;161;117;267;159;108
5570044;      Telgte, Stadt;340;185;155;346;194;152;334;190;144;321;184;137;337;190;147;332;184;148;327;185;142;338;191;147;337;193;144;343;198;145;350;199;151;356;200;156
5570048;      Wadersloh;229;138;91;206;126;80;192;114;78;192;118;74;191;113;78;185;110;75;201;122;79;207;130;77;188;122;66;193;129;64;186;115;71;188;111;77
5570052;      Warendorf, Stadt;820;441;379;795;432;363;773;420;353;769;420;349;759;411;348;746;401;345;791;425;366;784;422;362;757;421;336;750;407;343;776;439;337;755;439;316
57;  Detmold, Regierungsbezirk;59603;33279;26324;59436;33385;26051;58400;32666;25734;57309;31894;25415;57681;32004;25677;57482;31853;25629;59281;32739;26542;60713;33200;27513;58733;32337;26396;57694;31988;25706;57611;32250;25361;58085;32745;25340
5711;    Bielefeld, krfr. Stadt;12623;7014;5609;12623;7039;5584;12482;6953;5529;12444;6883;5561;13035;7162;5873;13025;7145;5880;13313;7301;6012;13493;7390;6103;13311;7286;6025;13136;7218;5918;13053;7271;5782;13103;7397;5706
5754;    Gütersloh, Kreis;8435;4453;3982;8488;4534;3954;8367;4479;3888;8259;4396;3863;8197;4355;3842;8149;4325;3824;8554;4549;4005;8642;4561;4081;8424;4487;3937;8170;4387;3783;8258;4454;3804;8318;4511;3807
5754004;      Borgholzhausen, Stadt;157;88;69;170;96;74;160;88;72;149;82;67;143;75;68;138;71;67;147;78;69;175;82;93;169;80;89;156;78;78;157;79;78;155;74;81
5754008;      Gütersloh, Stadt;2833;1510;1323;2843;1536;1307;2800;1519;1281;2823;1526;1297;2835;1554;1281;2806;1544;1262;2889;1565;1324;2904;1572;1332;2865;1566;1299;2741;1513;1228;2749;1519;1230;2788;1552;1236
5754012;      Halle (Westf.), Stadt;469;251;218;465;247;218;440;237;203;399;216;183;417;229;188;406;215;191;410;222;188;410;221;189;412;229;183;423;233;190;446;249;197;439;249;190
5754016;      Harsewinkel, Stadt;571;304;267;584;317;267;582;311;271;557;306;251;563;295;268;549;292;257;623;341;282;622;335;287;611;335;276;582;321;261;593;326;267;592;323;269
5754020;      Herzebrock-Clarholz;331;163;168;317;172;145;322;163;159;318;145;173;310;148;162;295;142;153;307;155;152;322;167;155;323;169;154;303;155;148;304;162;142;317;177;140
5754024;      Langenberg;138;76;62;139;75;64;143;79;64;139;80;59;141;81;60;144;81;63;150;80;70;158;82;76;138;69;69;126;62;64;124;63;61;119;65;54
5754028;      Rheda-Wiedenbrück, Stadt;1286;648;638;1297;653;644;1273;651;622;1293;653;640;1251;623;628;1227;604;623;1311;668;643;1341;683;658;1290;658;632;1273;666;607;1301;671;630;1317;671;646
5754032;      Rietberg, Stadt;679;379;300;665;363;302;651;347;304;615;323;292;591;308;283;608;319;289;638;340;298;619;323;296;600;323;277;618;345;273;624;360;264;631;355;276
5754036;      Schloß Holte-Stukenbrock, Stadt;449;220;229;455;234;221;456;240;216;468;251;217;480;254;226;475;247;228;495;260;235;506;269;237;480;249;231;465;241;224;458;235;223;451;239;212
5754040;      Steinhagen;414;218;196;406;216;190;398;212;186;392;207;185;389;211;178;399;218;181;428;237;191;419;235;184;416;228;188;414;220;194;415;232;183;403;226;177
5754044;      Verl, Stadt;414;221;193;431;222;209;431;229;202;413;212;201;413;207;206;431;214;217;450;224;226;444;222;222;423;219;204;412;209;203;416;208;208;425;216;209
5754048;      Versmold, Stadt;457;244;213;481;270;211;473;268;205;456;259;197;427;240;187;439;255;184;467;259;208;470;250;220;445;239;206;413;225;188;415;224;191;428;237;191
5754052;      Werther (Westf.), Stadt;237;131;106;235;133;102;238;135;103;237;136;101;237;130;107;232;123;109;239;120;119;252;120;132;252;123;129;244;119;125;256;126;130;253;127;126
5758;    Herford, Kreis;7139;3961;3178;7131;3990;3141;7033;3945;3088;6880;3800;3080;7025;3874;3151;6991;3843;3148;7146;3917;3229;7310;3947;3363;7057;3794;3263;6869;3709;3160;6935;3773;3162;7015;3844;3171
5758004;      Bünde, Stadt;1265;707;558;1233;687;546;1200;703;497;1208;680;528;1257;705;552;1242;691;551;1247;693;554;1230;660;570;1192;623;569;1137;605;532;1145;622;523;1137;613;524
5758008;      Enger, Stadt;441;261;180;423;256;167;425;251;174;409;235;174;411;235;176;400;230;170;412;243;169;449;255;194;413;233;180;424;251;173;402;231;171;430;249;181
5758012;      Herford, Stadt;2746;1497;1249;2774;1527;1247;2705;1495;1210;2616;1437;1179;2703;1462;1241;2719;1470;1249;2757;1497;1260;2836;1527;1309;2764;1470;1294;2703;1433;1270;2752;1467;1285;2766;1493;1273
5758016;      Hiddenhausen;400;237;163;426;242;184;420;231;189;407;217;190;414;229;185;413;230;183;427;236;191;426;237;189;433;248;185;405;219;186;436;231;205;439;227;212
5758020;      Kirchlengern;343;203;140;341;205;136;339;189;150;322;176;146;320;176;144;303;161;142;319;169;150;339;166;173;339;178;161;309;171;138;296;165;131;301;168;133
5758024;      Löhne, Stadt;1144;623;521;1161;636;525;1158;639;519;1147;630;517;1153;650;503;1138;637;501;1173;636;537;1201;647;554;1146;622;524;1129;617;512;1121;629;492;1136;642;494
5758028;      Rödinghausen;165;91;74;160;95;65;176;104;72;165;97;68;159;88;71;157;88;69;172;96;76;174;94;80;154;88;66;157;90;67;161;92;69;168;97;71
5758032;      Spenge, Stadt;271;140;131;266;139;127;263;129;134;261;122;139;265;127;138;266;132;134;261;124;137;272;132;140;269;134;135;263;135;128;258;131;127;270;148;122
5758036;      Vlotho, Stadt;364;202;162;347;203;144;347;204;143;345;206;139;343;202;141;353;204;149;378;223;155;383;229;154;347;198;149;342;188;154;364;205;159;368;207;161
5762;    Höxter, Kreis;3135;1879;1256;3049;1802;1247;2975;1687;1288;2811;1579;1232;2741;1544;1197;2681;1520;1161;2788;1586;1202;2957;1650;1307;2660;1507;1153;2712;1583;1129;2681;1592;1089;2694;1574;1120
5762004;      Bad Driburg, Stadt;446;264;182;457;268;189;433;252;181;415;243;172;414;244;170;413;242;171;418;232;186;453;258;195;410;225;185;431;241;190;417;251;166;403;235;168
5762008;      Beverungen, Stadt;345;191;154;346;193;153;344;182;162;310;158;152;311;160;151;298;162;136;309;174;135;314;182;132;290;180;110;316;188;128;326;199;127;328;185;143
5762012;      Borgentreich, Stadt;175;112;63;181;110;71;187;105;82;163;97;66;150;87;63;148;85;63;153;91;62;172;99;73;165;96;69;142;88;54;144;87;57;149;93;56
5762016;      Brakel, Stadt;312;190;122;281;170;111;280;158;122;284;162;122;268;154;114;269;150;119;273;159;114;307;178;129;288;173;115;292;177;115;291;170;121;305;177;128
5762020;      Höxter, Stadt;613;360;253;579;336;243;588;333;255;559;314;245;540;309;231;528;302;226;568;326;242;602;328;274;518;278;240;556;319;237;566;334;232;544;314;230
5762024;      Marienmünster, Stadt;91;59;32;82;48;34;82;44;38;80;39;41;80;45;35;70;42;28;80;45;35;82;45;37;64;35;29;52;32;20;54;34;20;57;34;23
5762028;      Nieheim, Stadt;136;84;52;130;82;48;119;69;50;111;73;38;99;60;39;99;60;39;99;60;39;102;61;41;91;54;37;88;52;36;82;50;32;91;58;33
5762032;      Steinheim, Stadt;276;169;107;251;150;101;240;144;96;238;131;107;252;136;116;256;133;123;279;154;125;293;163;130;266;154;112;260;155;105;235;139;96;228;134;94
5762036;      Warburg, Stadt;571;344;227;566;334;232;536;302;234;501;281;220;483;273;210;464;273;191;464;270;194;486;266;220;428;245;183;424;250;174;422;248;174;437;259;178
5762040;      Willebadessen, Stadt;170;106;64;176;111;65;166;98;68;150;81;69;144;76;68;136;71;65;145;75;70;146;70;76;140;67;73;151;81;70;144;80;64;152;85;67
5766;    Lippe, Kreis;11224;6295;4929;11214;6341;4873;11015;6207;4808;10703;6036;4667;10601;5978;4623;10614;5993;4621;10882;6142;4740;11028;6141;4887;10715;6026;4689;10452;5918;4534;10388;5934;4454;10514;6026;4488
5766004;      Augustdorf;307;163;144;294;157;137;291;152;139;267;142;125;264;143;121;278;148;130;284;154;130;273;145;128;253;138;115;264;147;117;257;140;117;255;146;109
5766008;      Bad Salzuflen, Stadt;2178;1213;965;2214;1225;989;2147;1210;937;2068;1160;908;2059;1156;903;2073;1160;913;2115;1178;937;2156;1180;976;2155;1188;967;2082;1163;919;2089;1179;910;2072;1154;918
5766012;      Barntrup, Stadt;235;136;99;241;141;100;236;133;103;231;129;102;224;123;101;231;130;101;233;133;100;241;136;105;228;135;93;212;125;87;215;125;90;226;132;94
5766016;      Blomberg, Stadt;410;241;169;408;239;169;402;231;171;375;218;157;372;213;159;360;204;156;348;188;160;357;202;155;343;184;159;350;201;149;332;196;136;339;200;139
5766020;      Detmold, Stadt;2894;1655;1239;2852;1655;1197;2776;1586;1190;2688;1540;1148;2691;1551;1140;2731;1571;1160;2795;1585;1210;2841;1606;1235;2722;1553;1169;2652;1517;1135;2588;1494;1094;2639;1523;1116
5766024;      Dörentrup;183;103;80;192;110;82;194;114;80;189;105;84;186;101;85;168;96;72;176;102;74;183;104;79;178;103;75;172;97;75;167;92;75;184;103;81
5766028;      Extertal;411;224;187;407;226;181;416;242;174;394;231;163;384;215;169;384;216;168;381;220;161;370;213;157;362;208;154;360;217;143;370;224;146;388;236;152
5766032;      Horn-Bad Meinberg, Stadt;644;362;282;642;360;282;643;347;296;621;338;283;624;343;281;632;344;288;652;352;300;679;355;324;658;352;306;616;334;282;614;339;275;609;334;275
5766036;      Kalletal;330;188;142;322;184;138;319;183;136;310;174;136;297;164;133;296;164;132;292;165;127;286;151;135;281;159;122;267;153;114;274;161;113;292;173;119
5766040;      Lage, Stadt;1178;651;527;1161;648;513;1138;634;504;1127;629;498;1105;610;495;1099;611;488;1162;663;499;1173;667;506;1146;659;487;1130;638;492;1093;624;469;1106;649;457
5766044;      Lemgo, Stadt;1019;556;463;1031;574;457;1016;563;453;1017;560;457;1015;570;445;963;542;421;1009;568;441;1028;556;472;993;555;438;979;558;421;970;543;427;989;564;425
5766048;      Leopoldshöhe;312;179;133;308;178;130;310;178;132;302;175;127;298;178;120;305;173;132;323;190;133;318;181;137;305;166;139;290;160;130;296;171;125;298;171;127
5766052;      Lügde, Stadt;225;131;94;255;141;114;247;139;108;232;129;103;233;129;104;238;133;105;236;130;106;241;137;104;233;134;99;233;128;105;243;149;94;241;147;94
5766056;      Oerlinghausen, Stadt;432;228;204;428;230;198;416;217;199;420;226;194;405;217;188;416;233;183;430;232;198;435;230;205;440;231;209;429;233;196;435;237;198;423;223;200
5766060;      Schieder-Schwalenberg, Stadt;227;127;100;229;135;94;228;134;94;220;124;96;214;115;99;213;114;99;220;130;90;213;120;93;188;114;74;195;109;86;220;118;102;214;119;95
5766064;      Schlangen;239;138;101;230;138;92;236;144;92;242;156;86;230;150;80;227;154;73;226;152;74;234;158;76;230;147;83;221;138;83;225;142;83;239;152;87
5770;    Minden-Lübbecke, Kreis;7966;4483;3483;8041;4596;3445;7859;4474;3385;7785;4405;3380;7758;4368;3390;7789;4366;3423;8019;4431;3588;8228;4535;3693;7983;4474;3509;7894;4413;3481;7895;4446;3449;7911;4515;3396
5770004;      Bad Oeynhausen, Stadt;1257;721;536;1279;709;570;1222;680;542;1256;709;547;1293;733;560;1251;706;545;1296;730;566;1372;761;611;1325;745;580;1284;721;563;1277;719;558;1275;730;545
5770008;      Espelkamp, Stadt;581;302;279;587;321;266;590;318;272;583;308;275;583;313;270;603;319;284;643;335;308;654;358;296;624;349;275;607;346;261;582;328;254;585;330;255
5770012;      Hille;252;148;104;259;153;106;240;142;98;239;137;102;227;124;103;224;126;98;246;136;110;266;142;124;256;141;115;240;132;108;230;126;104;233;134;99
5770016;      Hüllhorst;269;158;111;264;155;109;262;148;114;245;135;110;251;147;104;258;145;113;255;142;113;270;149;121;259;143;116;253;137;116;253;130;123;252;129;123
5770020;      Lübbecke, Stadt;600;345;255;586;347;239;574;335;239;599;353;246;603;345;258;602;336;266;613;336;277;600;333;267;593;327;266;594;329;265;603;341;262;607;346;261
5770024;      Minden, Stadt;3033;1685;1348;3053;1735;1318;3041;1731;1310;3004;1705;1299;2966;1681;1285;3004;1684;1320;2991;1648;1343;3036;1680;1356;3002;1685;1317;3005;1679;1326;3034;1731;1303;3025;1756;1269
5770028;      Petershagen, Stadt;535;299;236;547;310;237;529;297;232;494;273;221;485;262;223;485;263;222;491;263;228;491;271;220;466;268;198;484;280;204;483;277;206;483;275;208
5770032;      Porta Westfalica, Stadt;745;425;320;723;410;313;679;384;295;664;375;289;664;385;279;678;402;276;734;422;312;768;427;341;748;415;333;746;403;343;750;405;345;749;414;335
5770036;      Preußisch Oldendorf, Stadt;239;138;101;252;150;102;256;153;103;235;136;99;224;124;100;224;126;98;244;136;108;257;143;114;227;127;100;213;115;98;204;108;96;205;112;93
5770040;      Rahden, Stadt;269;157;112;291;181;110;284;177;107;275;164;111;263;146;117;266;148;118;279;157;122;289;152;137;273;150;123;262;146;116;262;147;115;277;156;121
5770044;      Stemwede;186;105;81;200;125;75;182;109;73;191;110;81;199;108;91;194;111;83;227;126;101;225;119;106;210;124;86;206;125;81;217;134;83;220;133;87
5774;    Paderborn, Kreis;9081;5194;3887;8890;5083;3807;8669;4921;3748;8427;4795;3632;8324;4723;3601;8233;4661;3572;8579;4813;3766;9055;4976;4079;8583;4763;3820;8461;4760;3701;8401;4780;3621;8530;4878;3652
5774004;      Altenbeken;185;119;66;178;107;71;189;116;73;180;106;74;182;103;79;172;100;72;184;111;73;183;112;71;166;98;68;178;110;68;191;117;74;199;126;73
5774008;      Bad Lippspringe, Stadt;690;411;279;699;415;284;674;410;264;644;397;247;630;379;251;620;366;254;634;368;266;653;368;285;641;364;277;621;366;255;622;364;258;635;371;264
5774012;      Borchen;248;150;98;250;149;101;248;146;102;227;137;90;247;147;100;234;136;98;243;146;97;278;157;121;255;147;108;250;141;109;234;138;96;222;135;87
5774016;      Büren, Stadt;552;309;243;551;311;240;551;300;251;528;283;245;496;272;224;497;275;222;507;278;229;514;280;234;489;260;229;492;264;228;493;275;218;511;286;225
5774020;      Delbrück, Stadt;693;370;323;677;367;310;645;337;308;600;329;271;609;326;283;604;313;291;621;334;287;648;332;316;634;336;298;617;346;271;623;351;272;631;359;272
5774024;      Hövelhof;304;171;133;299;169;130;290;161;129;276;144;132;286;158;128;271;150;121;291;163;128;302;168;134;282;166;116;291;173;118;273;160;113;297;180;117
5774028;      Lichtenau, Stadt;205;126;79;202;120;82;195;115;80;181;113;68;189;114;75;177;107;70;175;104;71;178;103;75;183;111;72;173;96;77;175;102;73;169;97;72
5774032;      Paderborn, Stadt;5512;3145;2367;5353;3060;2293;5211;2963;2248;5123;2906;2217;5074;2882;2192;5038;2868;2170;5255;2944;2311;5596;3083;2513;5276;2932;2344;5186;2922;2264;5146;2928;2218;5203;2954;2249
5774036;      Salzkotten, Stadt;484;276;208;482;276;206;467;262;205;455;254;201;432;240;192;432;235;197;471;248;223;484;257;227;458;238;220;450;229;221;448;240;208;463;255;208
5774040;      Bad Wünnenberg, Stadt;208;117;91;199;109;90;199;111;88;213;126;87;179;102;77;188;111;77;198;117;81;219;116;103;199;111;88;203;113;90;196;105;91;200;115;85
59;  Arnsberg, Regierungsbezirk;139123;78082;61041;137187;77494;59693;135067;75986;59081;133968;75049;58919;135774;75851;59923;135797;75782;60015;137679;76739;60940;140068;77319;62749;136288;75608;60680;134440;74691;59749;132901;74219;58682;135503;76525;58978
5911;    Bochum, krfr. Stadt;16225;9330;6895;15963;9308;6655;16165;9347;6818;16135;9288;6847;16435;9419;7016;16479;9447;7032;16979;9730;7249;17092;9678;7414;16398;9362;7036;16192;9249;6943;15668;8957;6711;15873;9112;6761
5913;    Dortmund, krfr. Stadt;32352;18250;14102;32035;18185;13850;31566;17964;13602;31035;17612;13423;31864;18006;13858;31842;17938;13904;32039;18056;13983;32766;18389;14377;32422;18163;14259;31720;17677;14043;31278;17489;13789;31520;17801;13719
5914;    Hagen, krfr. Stadt;9535;5464;4071;9454;5394;4060;9355;5320;4035;9899;5576;4323;10068;5640;4428;10234;5708;4526;10332;5743;4589;10376;5741;4635;10439;5836;4603;10292;5829;4463;10191;5805;4386;10392;5948;4444
5915;    Hamm, krfr. Stadt;8077;4415;3662;7978;4400;3578;7992;4344;3648;7843;4244;3599;7569;4125;3444;7472;4042;3430;7538;4122;3416;7657;4109;3548;7305;3937;3368;7068;3827;3241;7083;3844;3239;7244;3972;3272
5916;    Herne, krfr. Stadt;8824;5041;3783;8766;5020;3746;8478;4861;3617;8403;4813;3590;8269;4723;3546;8335;4753;3582;8216;4627;3589;7944;4452;3492;7597;4275;3322;7547;4253;3294;7502;4175;3327;7701;4364;3337
5954;    Ennepe-Ruhr-Kreis;9877;5469;4408;9730;5454;4276;9520;5328;4192;9408;5236;4172;9378;5225;4153;9387;5259;4128;9519;5288;4231;9732;5374;4358;9539;5275;4264;9539;5306;4233;9238;5112;4126;9455;5344;4111
5954004;      Breckerfeld, Stadt;168;93;75;159;95;64;158;93;65;160;90;70;150;89;61;151;91;60;161;97;64;166;100;66;152;93;59;153;97;56;141;93;48;152;98;54
5954008;      Ennepetal, Stadt;967;497;470;917;471;446;907;468;439;885;449;436;882;451;431;869;435;434;900;467;433;895;457;438;867;453;414;883;460;423;869;450;419;929;485;444
5954012;      Gevelsberg, Stadt;936;531;405;926;526;400;909;502;407;890;492;398;929;511;418;938;522;416;1000;544;456;1007;543;464;1000;552;448;992;557;435;973;552;421;952;552;400
5954016;      Hattingen, Stadt;1625;915;710;1629;937;692;1560;902;658;1518;865;653;1511;850;661;1573;887;686;1578;885;693;1610;903;707;1531;864;667;1511;837;674;1416;762;654;1432;789;643
5954020;      Herdecke, Stadt;503;270;233;509;276;233;495;268;227;488;274;214;462;257;205;444;253;191;456;259;197;480;273;207;464;262;202;468;260;208;471;250;221;471;263;208
5954024;      Schwelm, Stadt;1073;587;486;1034;577;457;1041;582;459;1044;572;472;1012;563;449;1007;572;435;1022;559;463;1010;540;470;1001;522;479;982;529;453;957;514;443;967;521;446
5954028;      Sprockhövel, Stadt;440;247;193;412;239;173;409;242;167;399;237;162;402;242;160;410;242;168;424;243;181;431;248;183;425;241;184;409;229;180;409;235;174;425;255;170
5954032;      Wetter (Ruhr), Stadt;583;328;255;585;334;251;551;322;229;553;321;232;553;315;238;553;321;232;541;300;241;569;304;265;581;305;276;596;310;286;575;294;281;568;303;265
5954036;      Witten, Stadt;3582;2001;1581;3559;1999;1560;3490;1949;1541;3471;1936;1535;3477;1947;1530;3442;1936;1506;3437;1934;1503;3564;2006;1558;3518;1983;1535;3545;2027;1518;3427;1962;1465;3559;2078;1481
5958;    Hochsauerlandkreis;6147;3305;2842;6217;3365;2852;6042;3247;2795;5854;3126;2728;5787;3070;2717;5738;3015;2723;5946;3128;2818;6148;3232;2916;5823;3123;2700;5767;3109;2658;5752;3125;2627;5881;3261;2620
5958004;      Arnsberg, Stadt;2602;1366;1236;2601;1348;1253;2521;1296;1225;2462;1261;1201;2438;1241;1197;2401;1231;1170;2464;1268;1196;2550;1312;1238;2427;1292;1135;2425;1315;1110;2414;1307;1107;2517;1414;1103
5958008;      Bestwig;234;128;106;259;142;117;251;144;107;230;132;98;211;120;91;203;121;82;218;128;90;218;131;87;220;133;87;216;125;91;227;130;97;241;139;102
5958012;      Brilon, Stadt;364;200;164;382;225;157;391;219;172;362;191;171;354;180;174;330;173;157;352;175;177;353;171;182;335;168;167;325;164;161;331;172;159;323;176;147
5958016;      Eslohe (Sauerland);139;62;77;138;59;79;146;66;80;129;57;72;122;49;73;125;50;75;126;52;74;140;61;79;127;59;68;115;50;65;123;57;66;121;65;56
5958020;      Hallenberg, Stadt;73;44;29;72;44;28;65;34;31;58;28;30;54;27;27;55;28;27;66;30;36;68;31;37;63;28;35;58;29;29;52;23;29;49;22;27
5958024;      Marsberg, Stadt;416;239;177;420;248;172;423;250;173;399;230;169;399;235;164;403;229;174;419;240;179;424;235;189;408;229;179;400;220;180;401;224;177;397;224;173
5958028;      Medebach, Stadt;131;68;63;116;62;54;115;65;50;114;62;52;124;68;56;117;64;53;122;64;58;127;65;62;125;67;58;126;70;56;117;66;51;120;68;52
5958032;      Meschede, Stadt;715;408;307;708;399;309;671;372;299;648;356;292;664;378;286;683;369;314;703;386;317;747;417;330;701;397;304;699;409;290;700;412;288;694;402;292
5958036;      Olsberg, Stadt;289;153;136;301;162;139;298;151;147;294;161;133;284;158;126;286;147;139;303;159;144;298;160;138;277;146;131;271;137;134;267;142;125;253;135;118
5958040;      Schmallenberg, Stadt;432;246;186;429;254;175;382;222;160;381;226;155;379;211;168;378;207;171;402;216;186;412;218;194;381;205;176;378;208;170;386;211;175;394;214;180
5958044;      Sundern (Sauerland), Stadt;532;274;258;558;291;267;547;296;251;538;292;246;531;282;249;529;280;249;543;296;247;582;305;277;547;287;260;530;267;263;501;258;243;541;280;261
5958048;      Winterberg, Stadt;220;117;103;233;131;102;232;132;100;239;130;109;227;121;106;228;116;112;228;114;114;229;126;103;212;112;100;224;115;109;233;123;110;231;122;109
5962;    Märkischer Kreis;13781;7612;6169;13572;7577;5995;13356;7406;5950;13257;7332;5925;13947;7688;6259;13905;7730;6175;14346;7974;6372;14834;8099;6735;14398;7928;6470;14401;7966;6435;14493;8132;6361;15015;8517;6498
5962004;      Altena, Stadt;618;349;269;620;353;267;609;337;272;604;334;270;662;367;295;663;387;276;652;369;283;692;386;306;656;381;275;627;352;275;628;362;266;660;378;282
5962008;      Balve, Stadt;212;120;92;201;113;88;193;100;93;203;115;88;217;123;94;214;120;94;241;131;110;243;126;117;214;116;98;208;119;89;214;116;98;216;125;91
5962012;      Halver, Stadt;451;249;202;445;247;198;453;247;206;441;247;194;462;249;213;460;245;215;479;259;220;499;262;237;471;250;221;469;247;222;479;262;217;486;275;211
5962016;      Hemer, Stadt;1179;627;552;1134;603;531;1101;591;510;1105;590;515;1123;602;521;1121;603;518;1127;613;514;1189;633;556;1148;620;528;1132;625;507;1162;652;510;1272;726;546
5962020;      Herscheid;143;73;70;142;80;62;130;72;58;137;74;63;156;80;76;152;85;67;162;87;75;160;83;77;155;81;74;166;84;82;153;81;72;155;83;72
5962024;      Iserlohn, Stadt;3466;1950;1516;3460;1974;1486;3396;1933;1463;3326;1866;1460;3441;1924;1517;3467;1927;1540;3608;2025;1583;3696;2046;1650;3594;2003;1591;3571;2016;1555;3577;2026;1551;3684;2089;1595
5962028;      Kierspe, Stadt;465;250;215;442;247;195;431;235;196;425;220;205;463;244;219;453;238;215;475;257;218;500;274;226;481;257;224;482;267;215;505;276;229;509;292;217
5962032;      Lüdenscheid, Stadt;3105;1730;1375;3050;1721;1329;2991;1679;1312;2982;1680;1302;3101;1732;1369;3075;1740;1335;3167;1770;1397;3258;1813;1445;3198;1767;1431;3219;1778;1441;3229;1810;1419;3320;1885;1435
5962036;      Meinerzhagen, Stadt;508;270;238;484;254;230;497;258;239;475;257;218;505;264;241;520;265;255;526;276;250;576;288;288;573;285;288;566;278;288;565;284;281;591;308;283
5962040;      Menden (Sauerland), Stadt;1484;838;646;1460;819;641;1414;791;623;1420;785;635;1371;750;621;1364;752;612;1429;789;640;1540;831;709;1480;812;668;1467;802;665;1470;841;629;1513;857;656
5962044;      Nachrodt-Wiblingwerde;132;71;61;126;69;57;135;73;62;128;64;64;133;65;68;136;74;62;148;78;70;155;84;71;145;82;63;142;81;61;150;83;67;158;91;67
5962048;      Neuenrade, Stadt;274;149;125;291;159;132;287;156;131;281;154;127;316;173;143;307;174;133;313;175;138;314;171;143;307;167;140;314;170;144;314;174;140;328;181;147
5962052;      Plettenberg, Stadt;764;408;356;741;398;343;710;377;333;744;399;345;878;501;377;889;531;358;888;522;366;883;503;380;857;497;360;884;514;370;911;541;370;955;574;381
5962056;      Schalksmühle;269;160;109;268;162;106;269;164;105;269;166;103;277;171;106;277;168;109;287;180;107;298;173;125;282;171;111;279;166;113;269;162;107;275;158;117
5962060;      Werdohl, Stadt;711;368;343;708;378;330;740;393;347;717;381;336;842;443;399;807;421;386;844;443;401;831;426;405;837;439;398;875;467;408;867;462;405;893;495;398
5966;    Olpe, Kreis;2792;1505;1287;2712;1445;1267;2598;1371;1227;2519;1341;1178;2593;1370;1223;2583;1354;1229;2678;1405;1273;2746;1440;1306;2650;1385;1265;2712;1446;1266;2641;1396;1245;2717;1479;1238
5966004;      Attendorn, Stadt;553;299;254;551;290;261;498;265;233;500;276;224;509;279;230;506;267;239;544;288;256;546;301;245;529;290;239;550;300;250;560;297;263;567;312;255
5966008;      Drolshagen, Stadt;195;107;88;178;94;84;165;89;76;154;78;76;169;84;85;175;84;91;183;86;97;198;93;105;193;97;96;199;95;104;183;90;93;183;97;86
5966012;      Finnentrop;400;220;180;386;211;175;354;185;169;341;186;155;338;189;149;349;196;153;349;190;159;360;194;166;354;182;172;366;199;167;356;185;171;391;219;172
5966016;      Kirchhundem;247;130;117;236;123;113;225;114;111;221;110;111;225;116;109;218;112;106;218;113;105;244;129;115;246;129;117;246;133;113;234;123;111;236;126;110
5966020;      Lennestadt, Stadt;612;323;289;597;318;279;589;312;277;566;295;271;603;314;289;588;304;284;608;312;296;591;298;293;574;289;285;591;305;286;590;301;289;620;313;307
5966024;      Olpe, Stadt;476;256;220;471;249;222;500;262;238;454;243;211;474;250;224;473;254;219;480;258;222;497;261;236;457;243;214;460;251;209;435;245;190;420;235;185
5966028;      Wenden;309;170;139;293;160;133;267;144;123;283;153;130;275;138;137;274;137;137;296;158;138;310;164;146;297;155;142;300;163;137;283;155;128;300;177;123
5970;    Siegen-Wittgenstein, Kreis;7256;4133;3123;7184;4123;3061;7039;4007;3032;6934;3953;2981;7103;4001;3102;7037;3986;3051;7128;3995;3133;7561;4169;3392;7252;4049;3203;7190;4024;3166;7055;4004;3051;7227;4131;3096
5970004;      Bad Berleburg, Stadt;403;210;193;411;217;194;400;206;194;390;197;193;406;218;188;393;208;185;379;204;175;393;200;193;385;198;187;387;197;190;386;209;177;386;212;174
5970008;      Burbach;269;154;115;254;145;109;241;128;113;253;139;114;254;139;115;250;137;113;246;140;106;270;145;125;251;139;112;252;133;119;257;140;117;255;132;123
5970012;      Erndtebrück;102;54;48;85;44;41;87;44;43;81;37;44;94;47;47;89;44;45;98;49;49;98;48;50;97;47;50;97;52;45;101;52;49;109;59;50
5970016;      Freudenberg, Stadt;297;164;133;317;178;139;291;158;133;273;148;125;277;152;125;275;155;120;293;165;128;299;158;141;288;161;127;278;150;128;273;148;125;283;152;131
5970020;      Hilchenbach, Stadt;337;198;139;350;208;142;329;202;127;341;207;134;300;173;127;305;175;130;323;172;151;355;192;163;333;182;151;342;193;149;338;185;153;345;197;148
5970024;      Kreuztal, Stadt;914;500;414;887;501;386;899;513;386;863;491;372;914;506;408;937;529;408;940;505;435;990;528;462;947;531;416;927;520;407;883;497;386;926;522;404
5970028;      Bad Laasphe, Stadt;272;148;124;266;149;117;255;141;114;259;137;122;260;140;120;255;140;115;263;150;113;278;158;120;266;142;124;256;137;119;243;130;113;254;141;113
5970032;      Netphen, Stadt;435;254;181;429;248;181;424;246;178;423;240;183;430;244;186;435;256;179;433;246;187;457;258;199;455;259;196;445;267;178;443;266;177;446;258;188
5970036;      Neunkirchen;268;150;118;260;142;118;266;147;119;277;154;123;276;152;124;251;137;114;262;148;114;284;154;130;262;145;117;247;134;113;251;139;112;255;147;108
5970040;      Siegen, Stadt;3679;2139;1540;3644;2122;1522;3576;2064;1512;3532;2064;1468;3628;2072;1556;3594;2056;1538;3623;2059;1564;3844;2157;1687;3698;2091;1607;3697;2082;1615;3601;2071;1530;3688;2141;1547
5970044;      Wilnsdorf;280;162;118;281;169;112;271;158;113;242;139;103;264;158;106;253;149;104;268;157;111;293;171;122;270;154;116;262;159;103;279;167;112;280;170;110
5974;    Soest, Kreis;8904;4927;3977;8737;4888;3849;8465;4709;3756;8383;4603;3780;8341;4608;3733;8347;4569;3778;8528;4675;3853;8632;4660;3972;8346;4530;3816;8288;4484;3804;8302;4551;3751;8463;4723;3740
5974004;      Anröchte;227;133;94;222;135;87;227;132;95;229;130;99;215;115;100;202;106;96;210;111;99;226;123;103;218;119;99;215;124;91;226;139;87;233;140;93
5974008;      Bad Sassendorf;321;179;142;321;187;134;293;168;125;286;164;122;270;159;111;266;153;113;275;166;109;272;147;125;270;155;115;262;149;113;245;143;102;246;148;98
5974012;      Ense;186;94;92;194;96;98;183;87;96;189;92;97;194;100;94;176;89;87;197;103;94;203;107;96;183;96;87;183;99;84;221;124;97;217;119;98
5974016;      Erwitte, Stadt;369;212;157;343;197;146;339;198;141;336;186;150;327;184;143;315;174;141;338;180;158;347;184;163;337;181;156;358;197;161;363;198;165;363;205;158
5974020;      Geseke, Stadt;571;316;255;543;310;233;535;310;225;529;306;223;530;308;222;552;315;237;569;326;243;570;325;245;550;318;232;548;320;228;543;316;227;549;311;238
5974024;      Lippetal;218;125;93;221;128;93;225;125;100;221;123;98;226;124;102;225;121;104;228;121;107;235;124;111;217;122;95;216;124;92;217;121;96;221;131;90
5974028;      Lippstadt, Stadt;2457;1318;1139;2446;1325;1121;2386;1289;1097;2349;1247;1102;2334;1245;1089;2372;1243;1129;2380;1251;1129;2387;1254;1133;2333;1246;1087;2310;1218;1092;2298;1224;1074;2331;1267;1064
5974032;      Möhnesee;254;140;114;245;135;110;233;131;102;246;138;108;247;140;107;251;135;116;241;131;110;252;134;118;237;126;111;235;116;119;213;104;109;221;118;103
5974036;      Rüthen, Stadt;208;116;92;206;114;92;220;119;101;203;104;99;187;94;93;174;92;82;189;101;88;198;101;97;200;106;94;201;104;97;202;107;95;217;120;97
5974040;      Soest, Stadt;1771;968;803;1724;949;775;1663;903;760;1659;889;770;1659;903;756;1672;901;771;1695;920;775;1678;885;793;1592;829;763;1545;813;732;1513;802;711;1567;834;733
5974044;      Warstein, Stadt;668;380;288;680;394;286;627;364;263;622;359;263;612;354;258;607;351;256;649;369;280;672;384;288;644;373;271;651;374;277;642;364;278;653;387;266
5974048;      Welver;265;171;94;264;171;93;253;166;87;241;152;89;254;161;93;234;151;83;240;151;89;253;157;96;243;151;92;225;140;85;219;135;84;235;142;93
5974052;      Werl, Stadt;1117;634;483;1058;601;457;1015;582;433;1008;578;430;1037;596;441;1035;600;435;1030;599;431;1048;586;462;1047;567;480;1048;563;485;1101;626;475;1116;651;465
5974056;      Wickede (Ruhr);272;141;131;270;146;124;266;135;131;265;135;130;249;125;124;266;138;128;287;146;141;291;149;142;275;141;134;291;143;148;299;148;151;294;150;144
5978;    Unna, Kreis;15353;8631;6722;14839;8335;6504;14491;8082;6409;14298;7925;6373;14420;7976;6444;14438;7981;6457;14430;7996;6434;14580;7976;6604;14119;7745;6374;13724;7521;6203;13698;7629;6069;14015;7873;6142
5978004;      Bergkamen, Stadt;2304;1266;1038;2199;1200;999;2174;1197;977;2090;1179;911;2069;1167;902;2087;1163;924;2105;1186;919;2208;1225;983;2082;1153;929;2004;1083;921;2018;1103;915;2086;1178;908
5978008;      Bönen;647;382;265;668;394;274;616;363;253;606;351;255;603;350;253;574;326;248;580;329;251;595;325;270;589;320;269;590;325;265;584;321;263;609;344;265
5978012;      Fröndenberg / Ruhr, Stadt;570;320;250;544;304;240;537;291;246;527;281;246;526;281;245;539;292;247;569;319;250;556;305;251;530;292;238;513;285;228;526;293;233;544;300;244
5978016;      Holzwickede;497;289;208;484;287;197;458;268;190;455;259;196;473;268;205;457;257;200;455;256;199;455;253;202;436;250;186;409;234;175;404;239;165;418;244;174
5978020;      Kamen, Stadt;1676;924;752;1603;876;727;1554;834;720;1612;865;747;1624;875;749;1645;904;741;1657;926;731;1674;919;755;1601;859;742;1540;825;715;1508;822;686;1546;845;701
5978024;      Lünen, Stadt;4615;2591;2024;4517;2530;1987;4415;2451;1964;4317;2341;1976;4417;2388;2029;4431;2416;2015;4343;2363;1980;4341;2329;2012;4236;2286;1950;4152;2252;1900;4154;2301;1853;4208;2367;1841
5978028;      Schwerte, Stadt;1273;725;548;1271;728;543;1282;720;562;1250;705;545;1266;711;555;1312;729;583;1307;718;589;1305;709;596;1244;686;558;1206;660;546;1212;685;527;1211;675;536
5978032;      Selm, Stadt;946;520;426;875;483;392;859;464;395;839;466;373;841;454;387;823;453;370;818;439;379;820;440;380;801;429;372;787;435;352;808;455;353;843;478;365
5978036;      Unna, Stadt;1961;1132;829;1866;1086;780;1808;1068;740;1806;1055;751;1812;1050;762;1804;1023;781;1831;1045;786;1859;1056;803;1826;1042;784;1783;1028;755;1754;1020;734;1809;1042;767
5978040;      Werne, Stadt;864;482;382;812;447;365;788;426;362;796;423;373;789;432;357;766;418;348;765;415;350;767;415;352;774;428;346;740;394;346;730;390;340;741;400;341
__________;;;;;;;;;;;;;;;;;;;;;;;;;;;;;;;;;;;;;
"Quelle: Statistik der Bundesagentur für Arbeit

Die arithmetische Summierung von ausgewiesenen,
tiefergegliedeten Regionalergebnissen kann in Einzelfällen
leicht von den übergeordneten Regionalgebnissen abweichen.

Ab Januar 2009:
Durch das Gesetz zur Neuausrichtung der
arbeitsmarktpolitischen Instrumente wurde mit Wirkung zum
1.Januar 2009 eine ganze Reihe von Instrumenten verändert,
abgeschafft oder neu gestaltet.
Dadurch entfallen insbesondere die bisherige Beauftragung
von Dritten mit der Vermittlung nach § 37 SGB III alter
Fassung und die Eignungsfeststellungs- und
Trainingsmaßnahmen nach § 48 SGB III alte Fassung.
Die Neuausrichtung der Instrumente hat indirekt Auswirkungen
auf die Vergleichbarkeit der Arbeitslosenzahlen im
Zeitablauf.
 
Beachten Sie bitte hierzu die Informationen zur Arbeits-
marktstatistik der Bundesagentur für Arbeit
 
---
 
*1. Methodischer Hinweis:
 
Ab Januar 2005 sind die Daten über registrierte Arbeitslose
der Bundesagentur für Arbeit auf Grund der Zusammenlegung
von Arbeitslosen- und Sozialhilfe mit früheren Daten nicht
mehr vergleichbar.
 
Beachten Sie bitte hierzu die Informationen zur Arbeits-
marktstatistik der Bundesagentur für Arbeit
(Informationsfeld zur Statistik 13211).
 
---
 
*2. Methodischer Hinweis:
 
Der Erhebungsstichtag der Statistiken der Bundesagentur für
Arbeit wurde ab 2005 auf die Monatsmitte gelegt, bisher
wurden statistische Erhebungen jeweils am Monatsende durch-
geführt.
Damit kann in der Regel schon am Ende des Berichtsmonats
über den Arbeitsmarkt berichtet werden, zudem passen
Monatsmitte-Zahlen besser zu den Monats-Durchschnittswerten
der ILO-Erwerbsstatistik.
Der Vergleich mit den Jahren vor 2005 ist wegen der unter-
schiedlicher Stichtage etwas verzerrt.";;;;;;;;;;;;;;;;;;;;;;;;;;;;;;;;;;;;;
© IT.NRW, Düsseldorf, 2021. Dieses Werk ist lizenziert unter der Datenlizenz Deutschland - Namensnennung - Version 2.0.;;;;;;;;;;;;;;;;;;;;;;;;;;;;;;;;;;;;;
Stand: 04.02.2021 / 17:37:01;;;;;;;;;;;;;;;;;;;;;;;;;;;;;;;;;;;;;
